model,bin,sample_id,n_res,c_rmsd_raw_A,c_rmsd_aligned_A,interface_rmsd_ca_A,dockq,fnat,irms_dockq_A,lrms_dockq_A,k_idx
tinyfold_f_medium_esm_n2_k10,clean_200_400,1dm0.pdb1_3,333,27.86374855041504,15.120186633291764,11.221183321563911,0.03305073811770596,0,9.33294793578538,30.074543947372447,0
tinyfold_f_medium_esm_n2_k10,clean_200_400,1dm0.pdb1_3,333,24.679931640625,15.3716287747073,9.815162841961742,0.01541264339775388,0,10.245524142924578,52.80885149476035,1
tinyfold_f_medium_esm_n2_k10,clean_200_400,1dm0.pdb1_3,333,26.5600643157959,14.714529461473564,10.686146736754488,0.04236905166346492,0,10.37989798914763,24.60065328827966,2
tinyfold_f_medium_esm_n2_k10,clean_200_400,1dm0.pdb1_3,333,29.553495407104492,16.03682771425014,10.19514935351925,0.02793928072294514,0,8.933674611067667,34.767796657054966,3
tinyfold_f_medium_esm_n2_k10,clean_200_400,1dm0.pdb1_3,333,32.06694412231445,16.201134547939354,11.71968416654173,0.03700101121461374,0,9.154624853671038,27.91372772002302,4
tinyfold_f_medium_esm_n2_k10,clean_200_400,1dm0.pdb1_3,333,32.243255615234375,15.628755924423336,10.885025357905599,0.028693097953175917,0,9.380698651791544,33.306339521495076,5
tinyfold_f_medium_esm_n2_k10,clean_200_400,1dm0.pdb1_3,333,32.460086822509766,17.472951004830517,15.316856539679872,0.013430425878456857,0,11.481956031048496,54.779472092440336,6
tinyfold_f_medium_esm_n2_k10,clean_200_400,1dm0.pdb1_3,333,27.134967803955078,15.421414327839098,13.445354005483214,0.038656352440867826,0,9.210154943795082,27.00687450749339,7
tinyfold_f_medium_esm_n2_k10,clean_200_400,1dm0.pdb1_3,333,35.0891227722168,14.98808141126269,11.153059512379961,0.03466981628458786,0,10.135413294716109,28.33196931825661,8
tinyfold_f_medium_esm_n2_k10,clean_200_400,1dm0.pdb1_3,333,33.86481475830078,15.052014851939038,11.525004610894177,0.018213476967720268,0,8.59720129187051,52.97598719850152,9
tinyfold_f_medium_esm_n2_k10,clean_200_400,1j3r.pdb1_0,372,27.830793380737305,17.031093156039265,18.842607828026555,0.022290607301392155,0,16.70662750225087,33.98420870182984,0
tinyfold_f_medium_esm_n2_k10,clean_200_400,1j3r.pdb1_0,372,30.68167495727539,17.26139073048508,16.858904436015536,0.023100297338141302,0,16.09135800072614,33.44100291073334,1
tinyfold_f_medium_esm_n2_k10,clean_200_400,1j3r.pdb1_0,372,36.315208435058594,17.02284188539593,18.336572262121827,0.016473684088985197,0,16.842482121247834,40.82337377390291,2
tinyfold_f_medium_esm_n2_k10,clean_200_400,1j3r.pdb1_0,372,34.77344512939453,16.70295163110927,19.975790319994612,0.016175262170259216,0,18.05550769525128,40.76221162988411,3
tinyfold_f_medium_esm_n2_k10,clean_200_400,1j3r.pdb1_0,372,24.58550262451172,16.545015996433264,17.600182948021192,0.049258312934293697,0,16.690469559305374,21.08785215345427,4
tinyfold_f_medium_esm_n2_k10,clean_200_400,1j3r.pdb1_0,372,34.414363861083984,18.567325294497298,16.870706345138494,0.010533348038030547,0,16.371160046262688,55.06319369443695,5
tinyfold_f_medium_esm_n2_k10,clean_200_400,1j3r.pdb1_0,372,23.369272232055664,16.841505671044477,18.409262924568047,0.01755050542161382,0,16.16921242718131,39.56476819850397,6
tinyfold_f_medium_esm_n2_k10,clean_200_400,1j3r.pdb1_0,372,30.14750099182129,17.686174048811495,18.80844167881999,0.011883605495988242,0,17.015598251838327,50.1367199599714,7
tinyfold_f_medium_esm_n2_k10,clean_200_400,1j3r.pdb1_0,372,30.390056610107422,17.11873611346456,19.01046688462375,0.019619064870111346,0,17.2648254942845,36.528644379713775,8
tinyfold_f_medium_esm_n2_k10,clean_200_400,1j3r.pdb1_0,372,29.93244171142578,18.130129193332362,19.910339897697405,0.012409166667718572,0,17.733654248781175,48.23061966367312,9
tinyfold_f_medium_esm_n2_k10,clean_200_400,1kqa.pdb1_0,400,25.900705337524414,16.03035570694164,15.599560708429443,0.0583661616420387,0,13.489580922960416,19.269539849607852,0
tinyfold_f_medium_esm_n2_k10,clean_200_400,1kqa.pdb1_0,400,32.49881362915039,17.364548360137373,18.561790110541548,0.01643063759231137,0,14.69983497266071,42.20128235518294,1
tinyfold_f_medium_esm_n2_k10,clean_200_400,1kqa.pdb1_0,400,31.757585525512695,15.799937936970528,16.27455605621576,0.06745948057118449,0,14.350171311094105,17.4612725778811,2
tinyfold_f_medium_esm_n2_k10,clean_200_400,1kqa.pdb1_0,400,35.60189437866211,17.595242609117243,17.876046310421387,0.029820554796645624,0,15.843751477601185,28.7123056221653,3
tinyfold_f_medium_esm_n2_k10,clean_200_400,1kqa.pdb1_0,400,22.43382453918457,16.864824632893093,17.505778269737426,0.020777146205739772,0,14.89774078387052,36.1845811916571,4
tinyfold_f_medium_esm_n2_k10,clean_200_400,1kqa.pdb1_0,400,33.628883361816406,17.067102277737643,18.062691939331483,0.017291054546381527,0,14.13870464898843,41.24392918158911,5
tinyfold_f_medium_esm_n2_k10,clean_200_400,1kqa.pdb1_0,400,27.78284454345703,17.93363662954102,19.009707384819325,0.02361204019618866,0,16.46617825992375,32.89062633610449,6
tinyfold_f_medium_esm_n2_k10,clean_200_400,1kqa.pdb1_0,400,26.64810562133789,16.526977354413685,17.227307604142077,0.0321912378406004,0,14.55701680569374,27.698528418717483,7
tinyfold_f_medium_esm_n2_k10,clean_200_400,1kqa.pdb1_0,400,24.93790626525879,16.411871956245797,17.71076391942691,0.012514349012234346,0,14.824589968471464,50.63367498976101,8
tinyfold_f_medium_esm_n2_k10,clean_200_400,1kqa.pdb1_0,400,28.549625396728516,16.48280194114311,17.099924188801623,0.02439341231452893,0,13.984892874202181,33.11672641369275,9
tinyfold_f_medium_esm_n2_k10,clean_200_400,1nqu.pdb1_4,308,31.89402198791504,13.798327752827134,15.759934606662682,0.05020660310889192,0,13.64080041562746,21.18402804201367,0
tinyfold_f_medium_esm_n2_k10,clean_200_400,1nqu.pdb1_4,308,25.369709014892578,15.84623992192839,18.09589810879723,0.013545792868996936,0,15.80132206175598,46.97308288856725,1
tinyfold_f_medium_esm_n2_k10,clean_200_400,1nqu.pdb1_4,308,20.366846084594727,14.005385829322176,16.260081604553875,0.022434642010920092,0,14.654928963569482,34.593598587169666,2
tinyfold_f_medium_esm_n2_k10,clean_200_400,1nqu.pdb1_4,308,24.581430435180664,14.902678870507973,17.38016567356877,0.01642534338048234,0,15.646288042463725,41.55008862264331,3
tinyfold_f_medium_esm_n2_k10,clean_200_400,1nqu.pdb1_4,308,23.633663177490234,15.618995309151469,17.711220391815925,0.017604989793228443,0,14.955634822565532,40.17012147345798,4
tinyfold_f_medium_esm_n2_k10,clean_200_400,1nqu.pdb1_4,308,31.806442260742188,15.218523161825702,18.109638869348004,0.013127986604486686,0,15.975032804957523,47.8062326127397,5
tinyfold_f_medium_esm_n2_k10,clean_200_400,1nqu.pdb1_4,308,30.811561584472656,15.09947939959147,18.202669129670145,0.02401813718651044,0,15.990637951898092,32.688942344515894,6
tinyfold_f_medium_esm_n2_k10,clean_200_400,1nqu.pdb1_4,308,30.908477783203125,15.113035690497403,18.0734013885114,0.01705075143643524,0,15.857854658697775,40.45273071475947,7
tinyfold_f_medium_esm_n2_k10,clean_200_400,1nqu.pdb1_4,308,26.153207778930664,14.154902775127935,16.945921600611676,0.0800051158698348,0,14.30425188389678,15.590428678059675,8
tinyfold_f_medium_esm_n2_k10,clean_200_400,1nqu.pdb1_4,308,26.484786987304688,14.563103136312993,16.038681109147113,0.017863690995995073,0,14.80848351948461,39.8893104359247,9
tinyfold_f_medium_esm_n2_k10,clean_200_400,1s55.pdb1_1,312,21.992874145507812,11.931773830632318,10.83269658824318,0.07028142110609532,0,10.369368113810179,17.530510833862024,0
tinyfold_f_medium_esm_n2_k10,clean_200_400,1s55.pdb1_1,312,24.580371856689453,15.11562892094262,11.96492345518677,0.060867094457596804,0.07142857142857142,11.31000629987254,26.406269913510926,1
tinyfold_f_medium_esm_n2_k10,clean_200_400,1s55.pdb1_1,312,29.541017532348633,11.864007794549536,11.043612708492276,0.03724574939336798,0,10.267081625282861,26.890814029267517,2
tinyfold_f_medium_esm_n2_k10,clean_200_400,1s55.pdb1_1,312,27.698049545288086,10.979915427128649,11.65457491147152,0.07017219851515122,0,10.290006700030826,17.56690649847838,3
tinyfold_f_medium_esm_n2_k10,clean_200_400,1s55.pdb1_1,312,31.532989501953125,13.347524312055011,10.354604443454487,0.0217575283936222,0,9.957441609010782,40.059092570365316,4
tinyfold_f_medium_esm_n2_k10,clean_200_400,1s55.pdb1_1,312,28.525962829589844,11.79741478801906,10.866734533257768,0.026752317168512566,0,10.135713867726734,33.99959512184696,5
tinyfold_f_medium_esm_n2_k10,clean_200_400,1s55.pdb1_1,312,27.66483497619629,11.661466724109774,11.779139846612996,0.06720413276499493,0,10.475733574485899,18.04922388698961,6
tinyfold_f_medium_esm_n2_k10,clean_200_400,1s55.pdb1_1,312,35.126564025878906,12.233407971961215,13.169364795789697,0.034144015573214684,0,11.842836101503869,27.597694081204676,7
tinyfold_f_medium_esm_n2_k10,clean_200_400,1s55.pdb1_1,312,28.240774154663086,12.469096987328358,10.805368873357823,0.05372097741648024,0,10.163347122075507,21.08066441812723,8
tinyfold_f_medium_esm_n2_k10,clean_200_400,1s55.pdb1_1,312,28.53582191467285,12.750628683360619,12.98838665069517,0.03250356614080565,0,12.660351506818422,28.129830870726988,9
tinyfold_f_medium_esm_n2_k10,clean_200_400,1s57.pdb1_2,306,29.52052116394043,16.033800898707554,16.78561963304111,0.02022535427868095,0,16.022103001735267,36.297522623323566,0
tinyfold_f_medium_esm_n2_k10,clean_200_400,1s57.pdb1_2,306,29.021474838256836,15.286705900787908,16.20428328019048,0.012340616557405116,0,15.326873265112537,50.51446568927112,1
tinyfold_f_medium_esm_n2_k10,clean_200_400,1s57.pdb1_2,306,27.503509521484375,15.612186406127252,14.38929661666152,0.015523546652186415,0,13.73537185219806,44.774927902891704,2
tinyfold_f_medium_esm_n2_k10,clean_200_400,1s57.pdb1_2,306,25.598674774169922,15.842072668860684,16.929345219549838,0.012310403265753599,0,15.174989182499871,50.78025948003296,3
tinyfold_f_medium_esm_n2_k10,clean_200_400,1s57.pdb1_2,306,23.775291442871094,15.897207012426872,16.639538291401717,0.016933081931992222,0,15.835489064556562,40.64270950096789,4
tinyfold_f_medium_esm_n2_k10,clean_200_400,1s57.pdb1_2,306,26.99440574645996,15.02336439405933,15.495313116019693,0.013523664898650395,0,14.36125135092981,48.51725512782941,5
tinyfold_f_medium_esm_n2_k10,clean_200_400,1s57.pdb1_2,306,28.626422882080078,16.41828360247778,13.753541442891711,0.01840881581111672,0,12.639383418776616,40.933368517510985,6
tinyfold_f_medium_esm_n2_k10,clean_200_400,1s57.pdb1_2,306,24.465991973876953,15.829246914386408,14.98909862565873,0.014988116565289512,0,14.521614348829504,45.02883998905373,7
tinyfold_f_medium_esm_n2_k10,clean_200_400,1s57.pdb1_2,306,23.520959854125977,16.67544713522126,17.224434500878004,0.016039250052422325,0,15.278437728125294,42.43727349126648,8
tinyfold_f_medium_esm_n2_k10,clean_200_400,1s57.pdb1_2,306,28.343589782714844,16.70015452243991,17.800361457613594,0.012160848816596506,0,15.885354703235903,50.410772258635454,9
tinyfold_f_medium_esm_n2_k10,clean_200_400,1s5d.pdb1_2,321,35.30441665649414,16.8064074223002,19.3673130796923,0.015605146772145641,0,12.737611360222234,45.91370887625022,0
tinyfold_f_medium_esm_n2_k10,clean_200_400,1s5d.pdb1_2,321,24.811948776245117,16.49449634475753,14.918242261877113,0.030282652260898362,0,13.23800155078529,29.189032867068512,1
tinyfold_f_medium_esm_n2_k10,clean_200_400,1s5d.pdb1_2,321,33.725467681884766,16.933876243412087,18.240406827242893,0.015741362634653734,0,12.747311967718675,45.60911808795389,2
tinyfold_f_medium_esm_n2_k10,clean_200_400,1s5d.pdb1_2,321,23.67436981201172,16.776817793058495,14.823676476419802,0.02899778306258742,0,11.104980451144995,31.20436504085855,3
tinyfold_f_medium_esm_n2_k10,clean_200_400,1s5d.pdb1_2,321,41.13845443725586,15.859749781395509,13.318845927646333,0.0670328982389096,0,12.416336742003267,17.739943885807584,4
tinyfold_f_medium_esm_n2_k10,clean_200_400,1s5d.pdb1_2,321,35.85927963256836,17.17513354828219,18.58693677387971,0.015081294855872182,0,13.636687934117287,45.805345787035634,5
tinyfold_f_medium_esm_n2_k10,clean_200_400,1s5d.pdb1_2,321,22.835739135742188,16.589215989054303,16.86290923532198,0.01722276363040078,0,12.32461630202691,43.32058504443624,6
tinyfold_f_medium_esm_n2_k10,clean_200_400,1s5d.pdb1_2,321,27.779150009155273,16.868163685597175,19.321135025434316,0.01514632344456338,0,13.692707253629347,45.59919430802766,7
tinyfold_f_medium_esm_n2_k10,clean_200_400,1s5d.pdb1_2,321,32.484771728515625,16.335785016304815,14.649169275038497,0.04039440353845691,0,13.6413230061961,24.272602201087903,8
tinyfold_f_medium_esm_n2_k10,clean_200_400,1s5d.pdb1_2,321,24.89625358581543,16.675428393721972,17.677754174050797,0.017841392898577866,0,11.46287102384804,43.55472304381631,9
tinyfold_f_medium_esm_n2_k10,clean_200_400,1slc.pdb2_0,267,26.973819732666016,15.890358042402113,14.843580862141529,0.01303231542602098,0,13.747166869796217,50.70739619407503,0
tinyfold_f_medium_esm_n2_k10,clean_200_400,1slc.pdb2_0,267,23.191755294799805,15.12041916114899,15.82176877702896,0.015427483159203692,0,13.865756501602876,44.82176350861885,1
tinyfold_f_medium_esm_n2_k10,clean_200_400,1slc.pdb2_0,267,23.946439743041992,14.412582932358335,13.4701349556168,0.015439212626491334,0,12.772362846902881,46.22078049765095,2
tinyfold_f_medium_esm_n2_k10,clean_200_400,1slc.pdb2_0,267,30.977001190185547,13.672642219823087,14.298126016606199,0.05292488388756369,0,12.232670366026142,20.727315143189983,3
tinyfold_f_medium_esm_n2_k10,clean_200_400,1slc.pdb2_0,267,20.25752830505371,14.250549499370932,14.60401446014799,0.01854882739069487,0,13.24173628499611,40.11081712792252,4
tinyfold_f_medium_esm_n2_k10,clean_200_400,1slc.pdb2_0,267,31.900423049926758,14.592464351628433,13.944259011275612,0.02144075653715261,0,12.299374078245581,37.18129667253336,5
tinyfold_f_medium_esm_n2_k10,clean_200_400,1slc.pdb2_0,267,24.991432189941406,14.53741718773785,14.363971349308956,0.01740010603906951,0,13.60085667378677,41.54231536130368,6
tinyfold_f_medium_esm_n2_k10,clean_200_400,1slc.pdb2_0,267,28.004226684570312,14.725941368797873,13.10400758578085,0.013749873583756874,0,12.89815981578468,50.16824782425274,7
tinyfold_f_medium_esm_n2_k10,clean_200_400,1slc.pdb2_0,267,23.541841506958008,15.382473114134484,15.052343418140017,0.011968904001367848,0,14.040127010092075,53.49937004451337,8
tinyfold_f_medium_esm_n2_k10,clean_200_400,1slc.pdb2_0,267,20.43008041381836,13.995279579124201,12.453704335074287,0.031864988252628734,0,12.025114423935257,28.77146652821525,9
tinyfold_f_medium_esm_n2_k10,clean_200_400,1tnf.pdb1_1,304,29.097909927368164,17.144863529301826,16.871096509202857,0.01602020938704453,0,17.267526892692903,41.3349300436645,0
tinyfold_f_medium_esm_n2_k10,clean_200_400,1tnf.pdb1_1,304,28.6030330657959,17.43016271282848,17.16183784546647,0.01742209293563111,0,17.455724698828313,39.18656515138176,1
tinyfold_f_medium_esm_n2_k10,clean_200_400,1tnf.pdb1_1,304,23.517534255981445,17.059192305478753,16.21589988736484,0.05675692552335398,0,17.2502568502751,19.27791308799715,2
tinyfold_f_medium_esm_n2_k10,clean_200_400,1tnf.pdb1_1,304,26.744949340820312,18.03751427664827,18.38855868595363,0.015912777520176124,0,17.882561511737205,41.23941438637218,3
tinyfold_f_medium_esm_n2_k10,clean_200_400,1tnf.pdb1_1,304,28.261518478393555,17.063994119596,17.1717236474827,0.016748262997373236,0,17.04911620235049,40.313904376802476,4
tinyfold_f_medium_esm_n2_k10,clean_200_400,1tnf.pdb1_1,304,27.195802688598633,16.993963385458546,18.2946051220524,0.018089019664679313,0,17.184110829568503,38.401677352677936,5
tinyfold_f_medium_esm_n2_k10,clean_200_400,1tnf.pdb1_1,304,28.103477478027344,17.004354691389274,16.36296072591728,0.018015249842849808,0,17.007519822802013,38.565642732127586,6
tinyfold_f_medium_esm_n2_k10,clean_200_400,1tnf.pdb1_1,304,26.285289764404297,16.811212709314475,16.554826140145842,0.02195450598262298,0,17.11617592720258,34.17989957640973,7
tinyfold_f_medium_esm_n2_k10,clean_200_400,1tnf.pdb1_1,304,23.4487361907959,17.059618063736124,18.523728957563474,0.01293321374636383,0,17.54220455389038,47.1000341234756,8
tinyfold_f_medium_esm_n2_k10,clean_200_400,1tnf.pdb1_1,304,25.26910400390625,17.893756882462775,17.904117823334474,0.01736064053544921,0,18.04206072049299,39.05881364184725,9
tinyfold_f_medium_esm_n2_k10,clean_200_400,1ww6.pdb1_0,320,21.13981056213379,14.918710339428598,18.761599645367305,0.01095668707223376,0,14.122870336108726,57.0518642110925,0
tinyfold_f_medium_esm_n2_k10,clean_200_400,1ww6.pdb1_0,320,28.881776809692383,15.63595239404092,17.081233771445678,0.032062132511179946,0,12.747411781395757,28.340770843295484,1
tinyfold_f_medium_esm_n2_k10,clean_200_400,1ww6.pdb1_0,320,20.52369499206543,14.51760047013701,17.239830235312354,0.023880008617147844,0,12.8485496174754,34.19484931574582,2
tinyfold_f_medium_esm_n2_k10,clean_200_400,1ww6.pdb1_0,320,21.5717716217041,14.711629872540488,18.12040420596378,0.011600638958489487,0,13.724419726230066,55.40189346768472,3
tinyfold_f_medium_esm_n2_k10,clean_200_400,1ww6.pdb1_0,320,30.847431182861328,14.948612983513026,16.405104194739355,0.047404634786957806,0,12.03259612820596,22.294516069593072,4
tinyfold_f_medium_esm_n2_k10,clean_200_400,1ww6.pdb1_0,320,22.82605743408203,15.195709017352716,17.282456762676826,0.026494706087451917,0,12.824012094481052,31.97903308620988,5
tinyfold_f_medium_esm_n2_k10,clean_200_400,1ww6.pdb1_0,320,29.950424194335938,15.235536378926795,15.804059377739778,0.023005216861161786,0,12.510691450442769,35.28630752197169,6
tinyfold_f_medium_esm_n2_k10,clean_200_400,1ww6.pdb1_0,320,30.61672019958496,14.587117144163356,17.651264903401326,0.07395126411933635,0,13.5837794874384,16.495889972545527,7
tinyfold_f_medium_esm_n2_k10,clean_200_400,1ww6.pdb1_0,320,23.10604476928711,15.015164242172219,17.077136322359447,0.02665580734640521,0,13.118343101812087,31.703572030485578,8
tinyfold_f_medium_esm_n2_k10,clean_200_400,1ww6.pdb1_0,320,32.99824905395508,14.965991354707848,18.353890309341082,0.055221622504099975,0,12.201962981937415,20.172554270611872,9
tinyfold_f_medium_esm_n2_k10,clean_200_400,1wwr.pdb3_2,305,23.975208282470703,16.345776627703213,19.31460856056284,0.013777587783708412,0,15.233086527880088,46.95536350668262,0
tinyfold_f_medium_esm_n2_k10,clean_200_400,1wwr.pdb3_2,305,37.40733337402344,16.569932609483686,20.066570287618255,0.010530140197897553,0,15.681654565723107,55.99519158600416,1
tinyfold_f_medium_esm_n2_k10,clean_200_400,1wwr.pdb3_2,305,40.77975082397461,16.694570007772306,21.442266722644682,0.006982831947457971,0,16.586473425847206,74.5406400276284,2
tinyfold_f_medium_esm_n2_k10,clean_200_400,1wwr.pdb3_2,305,38.09043502807617,18.225824207858917,19.744147083286055,0.011555096611703801,0,15.234709613905112,53.012800355201136,3
tinyfold_f_medium_esm_n2_k10,clean_200_400,1wwr.pdb3_2,305,24.086740493774414,16.280563069753267,20.11158588902105,0.009893196392375654,0,15.491282710101213,58.915183846137424,4
tinyfold_f_medium_esm_n2_k10,clean_200_400,1wwr.pdb3_2,305,27.379638671875,15.697138504301252,17.727826593574264,0.013599511892273338,0,13.605248615586165,49.36982667381951,5
tinyfold_f_medium_esm_n2_k10,clean_200_400,1wwr.pdb3_2,305,28.839982986450195,17.654312321267057,21.990828600619434,0.00845699725647675,0,17.62280992750618,62.46830901843363,6
tinyfold_f_medium_esm_n2_k10,clean_200_400,1wwr.pdb3_2,305,40.25357437133789,15.243628131560861,19.295153589620032,0.020081665912087456,0,14.915103377257592,36.96042657009491,7
tinyfold_f_medium_esm_n2_k10,clean_200_400,1wwr.pdb3_2,305,27.682886123657227,16.260874717992465,17.197162306226193,0.013957444067715713,0,13.592077424264172,48.466534771495915,8
tinyfold_f_medium_esm_n2_k10,clean_200_400,1wwr.pdb3_2,305,36.03017044067383,16.350473128116864,19.538874250307355,0.013647957768472767,0,16.77295555168451,46.005468621767605,9
tinyfold_f_medium_esm_n2_k10,clean_200_400,2aqp.pdb1_0,310,18.390840530395508,14.11367075002646,14.938304589256566,0.01736028083165957,0,13.348382721852955,41.85400066268187,0
tinyfold_f_medium_esm_n2_k10,clean_200_400,2aqp.pdb1_0,310,21.597360610961914,14.248379969515911,14.001808002640187,0.03196193298264691,0,12.917311997617386,28.331126376729067,1
tinyfold_f_medium_esm_n2_k10,clean_200_400,2aqp.pdb1_0,310,26.92681312561035,14.947578966259274,14.989848437723255,0.012287825813941508,0,13.56233325753432,53.32488782730213,2
tinyfold_f_medium_esm_n2_k10,clean_200_400,2aqp.pdb1_0,310,21.092914581298828,14.307237731648911,14.161569333930213,0.017323920358745196,0,12.5446796393773,42.840469436883865,3
tinyfold_f_medium_esm_n2_k10,clean_200_400,2aqp.pdb1_0,310,20.741802215576172,14.642269940993518,15.062056195765575,0.016455220861877465,0,13.838140793654327,42.91311221937676,4
tinyfold_f_medium_esm_n2_k10,clean_200_400,2aqp.pdb1_0,310,22.812471389770508,15.12731766305916,15.670909654243133,0.014019749519631362,0,13.516608329520905,48.421546410188434,5
tinyfold_f_medium_esm_n2_k10,clean_200_400,2aqp.pdb1_0,310,31.560792922973633,14.2265545304987,15.487992920929331,0.01630557965709678,0,13.45431314365278,43.58504617411802,6
tinyfold_f_medium_esm_n2_k10,clean_200_400,2aqp.pdb1_0,310,28.765399932861328,14.970005233649207,16.402335608316022,0.015651629154747226,0,14.588611753646672,43.67553195707948,7
tinyfold_f_medium_esm_n2_k10,clean_200_400,2aqp.pdb1_0,310,22.736845016479492,15.18071843173923,15.275875164677648,0.015551850896808071,0,13.772389555465965,44.676923376155514,8
tinyfold_f_medium_esm_n2_k10,clean_200_400,2aqp.pdb1_0,310,32.07429122924805,14.113924134103502,14.796418558149789,0.02884119410576022,0,13.03981437038513,30.186510807442165,9
tinyfold_f_medium_esm_n2_k10,clean_200_400,2b24.pdb1_4,330,30.990690231323242,15.406505864632082,17.852711293898086,0.01567437736969161,0,14.990099499246556,43.29788837557891,0
tinyfold_f_medium_esm_n2_k10,clean_200_400,2b24.pdb1_4,330,27.3070125579834,16.949222531611458,16.521279039357257,0.024722358166508487,0,15.97120602312165,32.12622947107875,1
tinyfold_f_medium_esm_n2_k10,clean_200_400,2b24.pdb1_4,330,24.177906036376953,17.711928674833935,18.598755374496687,0.013548927557942689,0,16.577792221356734,46.3577098577742,2
tinyfold_f_medium_esm_n2_k10,clean_200_400,2b24.pdb1_4,330,29.84174156188965,16.017348998459372,18.123889254257623,0.029766794178540935,0,15.539731297642291,28.811403363571326,3
tinyfold_f_medium_esm_n2_k10,clean_200_400,2b24.pdb1_4,330,29.278352737426758,15.836758036081768,16.57970227879538,0.0122651210707734,0,14.785891056840574,51.41058590215667,4
tinyfold_f_medium_esm_n2_k10,clean_200_400,2b24.pdb1_4,330,21.39103126525879,17.277848804159174,17.175285628089778,0.032824879430005394,0,16.26821637154148,27.020909412056167,5
tinyfold_f_medium_esm_n2_k10,clean_200_400,2b24.pdb1_4,330,22.12656593322754,16.257413907319922,17.352565263030307,0.017127376546780055,0,15.570777388844256,40.501311707153384,6
tinyfold_f_medium_esm_n2_k10,clean_200_400,2b24.pdb1_4,330,29.765764236450195,15.72652858656042,16.261523087156096,0.012252733082661194,0,15.214745331829672,50.89844547620231,7
tinyfold_f_medium_esm_n2_k10,clean_200_400,2b24.pdb1_4,330,23.014860153198242,17.040647756446216,17.426853817928965,0.01316418540903212,0,16.381704148371483,47.382360181239356,8
tinyfold_f_medium_esm_n2_k10,clean_200_400,2b24.pdb1_4,330,31.592063903808594,15.99375601709599,18.597200492352282,0.011497260283760505,0,15.215960834916219,53.22770175295487,9
tinyfold_f_medium_esm_n2_k10,clean_200_400,2cfa.pdb1_0,357,37.64567565917969,20.160423067200103,19.38738668264303,0.010661932308366382,0,17.728236567270915,53.21613960111109,0
tinyfold_f_medium_esm_n2_k10,clean_200_400,2cfa.pdb1_0,357,29.019943237304688,21.50049884056984,19.398432718830545,0.021305479452120968,0,18.06451323869218,34.55094083074042,1
tinyfold_f_medium_esm_n2_k10,clean_200_400,2cfa.pdb1_0,357,38.06866455078125,22.228057250905135,22.638252867330586,0.008150732197062369,0,18.40350801991727,63.0455334716928,2
tinyfold_f_medium_esm_n2_k10,clean_200_400,2cfa.pdb1_0,357,32.12614440917969,20.321684761698172,19.591007323570985,0.01159537259146687,0,16.77804054401709,51.16596830456637,3
tinyfold_f_medium_esm_n2_k10,clean_200_400,2cfa.pdb1_0,357,36.079307556152344,21.614881210596398,21.384235990664546,0.011543108854653985,0,17.996460213028424,50.331142299599996,4
tinyfold_f_medium_esm_n2_k10,clean_200_400,2cfa.pdb1_0,357,34.70370101928711,20.924514680632576,19.507405359899572,0.01003098462545405,0,17.1603994913415,56.012444106988255,5
tinyfold_f_medium_esm_n2_k10,clean_200_400,2cfa.pdb1_0,357,34.73775863647461,21.434342436460327,22.264621700556052,0.009589331778421887,0,18.316902305044493,56.53342841887563,6
tinyfold_f_medium_esm_n2_k10,clean_200_400,2cfa.pdb1_0,357,33.70124053955078,21.50720083965087,19.865333971605956,0.009917086644261277,0,16.889925619254488,56.77119730344962,7
tinyfold_f_medium_esm_n2_k10,clean_200_400,2cfa.pdb1_0,357,30.199758529663086,20.32806721729151,18.082703875674017,0.025557954443201965,0,16.305706057105933,31.398367596272806,8
tinyfold_f_medium_esm_n2_k10,clean_200_400,2cfa.pdb1_0,357,32.20253372192383,19.751222966438846,19.228614310022053,0.021721308627479962,0,16.899085820318803,34.461990287542186,9
tinyfold_f_medium_esm_n2_k10,clean_200_400,2ed6.pdb2_1,340,31.685216903686523,18.271669579520502,20.955044577258775,0.022980511635810816,0,20.091110062318215,32.67062658493415,0
tinyfold_f_medium_esm_n2_k10,clean_200_400,2ed6.pdb2_1,340,32.00217819213867,17.727776231908045,19.622739537606552,0.01087330736278592,0,18.61648570132762,51.85151576858675,1
tinyfold_f_medium_esm_n2_k10,clean_200_400,2ed6.pdb2_1,340,33.4078369140625,17.349293959173643,18.35856036722365,0.05708183594082463,0,17.924444209303818,19.17076416133201,2
tinyfold_f_medium_esm_n2_k10,clean_200_400,2ed6.pdb2_1,340,29.579923629760742,16.996369109033708,18.124954810810355,0.049114249951413336,0,16.912561753495226,21.10758696491898,3
tinyfold_f_medium_esm_n2_k10,clean_200_400,2ed6.pdb2_1,340,26.750185012817383,17.502136796019887,21.39924573489344,0.021691711810564937,0,19.968434155692037,33.804893913183896,4
tinyfold_f_medium_esm_n2_k10,clean_200_400,2ed6.pdb2_1,340,31.117290496826172,18.510823324459544,19.0107345603131,0.014003192320930691,0,18.907251654450626,44.14123649368215,5
tinyfold_f_medium_esm_n2_k10,clean_200_400,2ed6.pdb2_1,340,30.939037322998047,17.867330062247056,21.041350578554336,0.015481685821501265,0,19.095670445493234,41.472855835349776,6
tinyfold_f_medium_esm_n2_k10,clean_200_400,2ed6.pdb2_1,340,26.479537963867188,18.47372557866306,21.079089144932972,0.013868258714425678,0,20.49643201877522,43.81030979672814,7
tinyfold_f_medium_esm_n2_k10,clean_200_400,2ed6.pdb2_1,340,32.92509078979492,17.622588077316816,20.3161863199975,0.03679539098112464,0,19.681121695483572,24.86773329049821,8
tinyfold_f_medium_esm_n2_k10,clean_200_400,2ed6.pdb2_1,340,29.819168090820312,18.004486253534342,21.842500442031966,0.012469716754570218,0,20.645986921751547,46.63093717126633,9
tinyfold_f_medium_esm_n2_k10,clean_200_400,3a98.pdb1_0,338,42.046180725097656,20.54013793717457,28.00848428441916,0.011851458728240468,0,20.965285939081546,47.954110947702276,0
tinyfold_f_medium_esm_n2_k10,clean_200_400,3a98.pdb1_0,338,33.73240280151367,18.86344256141632,25.425922748739403,0.031553165034097344,0,20.43760031214623,27.14416208998602,1
tinyfold_f_medium_esm_n2_k10,clean_200_400,3a98.pdb1_0,338,27.318819046020508,20.599503678619865,27.192756097902148,0.02163478991371655,0,21.16830230449457,33.67137375222226,2
tinyfold_f_medium_esm_n2_k10,clean_200_400,3a98.pdb1_0,338,41.52174758911133,20.50138725612967,26.839375335945878,0.01715882532468475,0,21.68243441184607,38.39814272622038,3
tinyfold_f_medium_esm_n2_k10,clean_200_400,3a98.pdb1_0,338,40.30685806274414,18.85053448873861,25.421374232505308,0.01897514047824188,0,20.65133058637101,36.41220250778477,4
tinyfold_f_medium_esm_n2_k10,clean_200_400,3a98.pdb1_0,338,34.53844451904297,19.907968084018805,25.296078114938442,0.010866091600766943,0,20.59146129213989,50.718374789853165,5
tinyfold_f_medium_esm_n2_k10,clean_200_400,3a98.pdb1_0,338,28.933717727661133,20.770039719999605,26.751840666646096,0.01489554236100965,0,20.823897274965994,41.901316572266666,6
tinyfold_f_medium_esm_n2_k10,clean_200_400,3a98.pdb1_0,338,39.12030792236328,19.969056305311778,25.98633998403995,0.012626234985067332,0,21.595606662736348,45.956745263763914,7
tinyfold_f_medium_esm_n2_k10,clean_200_400,3a98.pdb1_0,338,31.74249839782715,20.698174113951712,26.32520277859301,0.016520792032740147,0,20.375054277646797,39.53998011829209,8
tinyfold_f_medium_esm_n2_k10,clean_200_400,3a98.pdb1_0,338,28.216333389282227,19.825487179723332,26.305318674384036,0.02207771989305855,0,21.464721255785648,33.241095355536274,9
tinyfold_f_medium_esm_n2_k10,clean_200_400,3aqt.pdb1_0,379,34.631900787353516,18.793498911125997,18.218961514743015,0.035033219927977595,0,15.335159336122887,26.140466351389406,0
tinyfold_f_medium_esm_n2_k10,clean_200_400,3aqt.pdb1_0,379,38.99267578125,14.902282504838515,13.265708440117669,0.018833791212279263,0,12.10191282570875,40.916348437323244,1
tinyfold_f_medium_esm_n2_k10,clean_200_400,3aqt.pdb1_0,379,32.455745697021484,16.083537255652306,13.359988638228984,0.04977550196338031,0,14.014846580346482,21.243753945098643,2
tinyfold_f_medium_esm_n2_k10,clean_200_400,3aqt.pdb1_0,379,37.11009216308594,17.452417173462997,13.34897551779936,0.01595749575310231,0,12.296289004742178,45.8620231725282,3
tinyfold_f_medium_esm_n2_k10,clean_200_400,3aqt.pdb1_0,379,30.095212936401367,16.124614196574402,15.22001042814581,0.05386823866929898,0,13.78730005088069,20.241456959940187,4
tinyfold_f_medium_esm_n2_k10,clean_200_400,3aqt.pdb1_0,379,30.84646987915039,19.14058693617965,16.51007670216027,0.024261217384543354,0,14.090677278243943,33.18211311889363,5
tinyfold_f_medium_esm_n2_k10,clean_200_400,3aqt.pdb1_0,379,34.55398941040039,19.349999902605333,16.416919690051248,0.03811605300613052,0,14.072097419405893,25.068583587866545,6
tinyfold_f_medium_esm_n2_k10,clean_200_400,3aqt.pdb1_0,379,29.462446212768555,16.252403996896142,13.835971795381461,0.020826835651140744,0,12.717972659406472,37.54297760448303,7
tinyfold_f_medium_esm_n2_k10,clean_200_400,3aqt.pdb1_0,379,31.148624420166016,15.349732652467837,14.486756542962258,0.011411194841535905,0,14.678614626957406,54.32229873980835,8
tinyfold_f_medium_esm_n2_k10,clean_200_400,3aqt.pdb1_0,379,29.818050384521484,17.853030216456915,14.900065734228594,0.022215108772802625,0,13.402971627124337,35.481391749285564,9
tinyfold_f_medium_esm_n2_k10,clean_200_400,3b2e.pdb2_3,374,27.945533752441406,20.76671459323042,16.889515175940538,0.0,0.0,inf,inf,0
tinyfold_f_medium_esm_n2_k10,clean_200_400,3b2e.pdb2_3,374,28.39940643310547,19.30530473993229,19.21845116322402,0.0,0.0,inf,inf,1
tinyfold_f_medium_esm_n2_k10,clean_200_400,3b2e.pdb2_3,374,35.64673614501953,17.3859230687018,16.87088182017609,0.0,0.0,inf,inf,2
tinyfold_f_medium_esm_n2_k10,clean_200_400,3b2e.pdb2_3,374,32.516822814941406,16.697600901947656,14.423349601565087,0.0,0.0,inf,inf,3
tinyfold_f_medium_esm_n2_k10,clean_200_400,3b2e.pdb2_3,374,30.923355102539062,19.52919649676436,17.487039428800408,0.0,0.0,inf,inf,4
tinyfold_f_medium_esm_n2_k10,clean_200_400,3b2e.pdb2_3,374,38.43352508544922,18.295364812263703,18.71904695138797,0.0,0.0,inf,inf,5
tinyfold_f_medium_esm_n2_k10,clean_200_400,3b2e.pdb2_3,374,36.90024948120117,16.857876392802957,14.041112741676008,0.0,0.0,inf,inf,6
tinyfold_f_medium_esm_n2_k10,clean_200_400,3b2e.pdb2_3,374,30.080734252929688,18.795622275724057,15.788078682913989,0.0,0.0,inf,inf,7
tinyfold_f_medium_esm_n2_k10,clean_200_400,3b2e.pdb2_3,374,31.179832458496094,21.78321293604703,20.69248253850236,0.0,0.0,inf,inf,8
tinyfold_f_medium_esm_n2_k10,clean_200_400,3b2e.pdb2_3,374,36.907840728759766,16.227723423892588,14.794991601112942,0.0,0.0,inf,inf,9
tinyfold_f_medium_esm_n2_k10,clean_200_400,3cfa.pdb1_7,328,33.965415954589844,17.53745839194223,17.426704636846978,0.0,0.0,inf,inf,0
tinyfold_f_medium_esm_n2_k10,clean_200_400,3cfa.pdb1_7,328,30.826766967773438,17.34857862674503,15.857143462595795,0.0,0.0,inf,inf,1
tinyfold_f_medium_esm_n2_k10,clean_200_400,3cfa.pdb1_7,328,31.42597198486328,16.18571739939498,16.987085509773536,0.0,0.0,inf,inf,2
tinyfold_f_medium_esm_n2_k10,clean_200_400,3cfa.pdb1_7,328,37.178443908691406,17.636873856087828,16.053982788496075,0.0,0.0,inf,inf,3
tinyfold_f_medium_esm_n2_k10,clean_200_400,3cfa.pdb1_7,328,34.12612533569336,17.087242478878824,16.42413440959265,0.0,0.0,inf,inf,4
tinyfold_f_medium_esm_n2_k10,clean_200_400,3cfa.pdb1_7,328,35.4941291809082,17.832896767400374,17.320246914029664,0.0,0.0,inf,inf,5
tinyfold_f_medium_esm_n2_k10,clean_200_400,3cfa.pdb1_7,328,30.948556900024414,18.409764200103222,14.497632865790735,0.0,0.0,inf,inf,6
tinyfold_f_medium_esm_n2_k10,clean_200_400,3cfa.pdb1_7,328,36.278076171875,15.635369481472493,16.108882897108092,0.0,0.0,inf,inf,7
tinyfold_f_medium_esm_n2_k10,clean_200_400,3cfa.pdb1_7,328,34.54009246826172,17.809325107967204,16.600027997378316,0.0,0.0,inf,inf,8
tinyfold_f_medium_esm_n2_k10,clean_200_400,3cfa.pdb1_7,328,37.117942810058594,15.848038014663334,17.046253254785178,0.0,0.0,inf,inf,9
tinyfold_f_medium_esm_n2_k10,clean_200_400,3cfh.pdb1_0,328,32.601314544677734,16.966775918466727,18.00686767931596,0.020708103033308303,0,16.18857156610407,35.71272444935102,0
tinyfold_f_medium_esm_n2_k10,clean_200_400,3cfh.pdb1_0,328,26.76402473449707,17.93864673177189,19.696624534976714,0.02752500697896638,0,17.342760264221525,29.818837270494853,1
tinyfold_f_medium_esm_n2_k10,clean_200_400,3cfh.pdb1_0,328,24.98069190979004,17.308600401666766,18.193465800935012,0.036603258586817435,0,16.214417371009542,25.31417301005361,2
tinyfold_f_medium_esm_n2_k10,clean_200_400,3cfh.pdb1_0,328,31.097631454467773,18.011589901236633,20.345150365862047,0.020864090943470703,0,18.156115236445547,34.960707031022615,3
tinyfold_f_medium_esm_n2_k10,clean_200_400,3cfh.pdb1_0,328,23.72568702697754,17.239285774534867,16.223824178130315,0.02503284928660084,0,15.251603545266185,32.101295178749425,4
tinyfold_f_medium_esm_n2_k10,clean_200_400,3cfh.pdb1_0,328,31.692005157470703,17.548351903776076,18.56939410783042,0.03157541512515146,0,16.966088285514036,27.540767034474182,5
tinyfold_f_medium_esm_n2_k10,clean_200_400,3cfh.pdb1_0,328,27.68584632873535,17.61095301402684,20.185795624982518,0.0203429574749988,0,16.024135225509475,36.16745194010686,6
tinyfold_f_medium_esm_n2_k10,clean_200_400,3cfh.pdb1_0,328,25.211177825927734,17.366722207497077,18.188193181268208,0.021382692693624066,0,16.52675457335593,34.90621042314939,7
tinyfold_f_medium_esm_n2_k10,clean_200_400,3cfh.pdb1_0,328,24.246870040893555,17.823397572941182,19.127328009908425,0.033795958124837676,0,16.601125210503817,26.499387225787423,8
tinyfold_f_medium_esm_n2_k10,clean_200_400,3cfh.pdb1_0,328,32.300140380859375,17.60277636450994,19.444554402731093,0.026669765316272936,0,16.915536738666294,30.46870915413147,9
tinyfold_f_medium_esm_n2_k10,clean_200_400,3hm2.pdb1_1,336,23.04591178894043,13.578272990570028,14.017110086036872,0.042041278201862896,0,14.326896596168433,23.547389838522133,0
tinyfold_f_medium_esm_n2_k10,clean_200_400,3hm2.pdb1_1,336,25.993057250976562,16.785475972163045,16.62818617352846,0.022146242992220174,0,15.602198329788001,34.48316220118109,1
tinyfold_f_medium_esm_n2_k10,clean_200_400,3hm2.pdb1_1,336,23.37060546875,16.7885851427827,15.97947353519118,0.01619492621042447,0,16.368335105320448,41.50276508535954,2
tinyfold_f_medium_esm_n2_k10,clean_200_400,3hm2.pdb1_1,336,31.730546951293945,15.477869838011209,15.613685792916344,0.018914490035806763,0,15.207569957259253,38.22890362746503,3
tinyfold_f_medium_esm_n2_k10,clean_200_400,3hm2.pdb1_1,336,34.44843292236328,15.536985401210867,16.737178103573846,0.033646358315611954,0,14.667276635635192,26.931630081023833,4
tinyfold_f_medium_esm_n2_k10,clean_200_400,3hm2.pdb1_1,336,34.22520065307617,14.798023402597096,17.039559619178544,0.06293589731004319,0,15.676125732104538,18.15850181084871,5
tinyfold_f_medium_esm_n2_k10,clean_200_400,3hm2.pdb1_1,336,28.8453426361084,15.33631061334623,14.349566757309137,0.025258409863262863,0,14.69863204955786,32.114443772708626,6
tinyfold_f_medium_esm_n2_k10,clean_200_400,3hm2.pdb1_1,336,34.57023620605469,15.682718442956723,16.141750728046205,0.018645042991619214,0,15.72607783442128,38.30965790319955,7
tinyfold_f_medium_esm_n2_k10,clean_200_400,3hm2.pdb1_1,336,26.88259506225586,15.425436068450027,17.547862750713538,0.015565791418084307,0,16.62556838289375,42.40750877084977,8
tinyfold_f_medium_esm_n2_k10,clean_200_400,3hm2.pdb1_1,336,27.331180572509766,14.67049071016805,14.273305673416031,0.06166632235804659,0,15.02207360228607,18.447446856363033,9
tinyfold_f_medium_esm_n2_k10,clean_200_400,3hm2.pdb1_3,336,34.10976791381836,16.161963943974676,12.833934822984055,0.025482652346845325,0,11.714757421716113,33.549710375639556,0
tinyfold_f_medium_esm_n2_k10,clean_200_400,3hm2.pdb1_3,336,45.431007385253906,16.28449593353874,18.108854894059647,0.018631463301055168,0,11.832703957214997,41.59877067025175,1
tinyfold_f_medium_esm_n2_k10,clean_200_400,3hm2.pdb1_3,336,34.017822265625,15.789251338443806,18.259156131917443,0.018779064830126993,0,12.193861947211174,40.88555521894471,2
tinyfold_f_medium_esm_n2_k10,clean_200_400,3hm2.pdb1_3,336,44.66157531738281,19.659797215349663,19.0447206699368,0.013959260480169294,0,15.676426870599482,46.153480975303744,3
tinyfold_f_medium_esm_n2_k10,clean_200_400,3hm2.pdb1_3,336,45.11079025268555,17.670559772286506,17.788856992141376,0.01313421626680937,0,15.861356152484221,47.891679379407236,4
tinyfold_f_medium_esm_n2_k10,clean_200_400,3hm2.pdb1_3,336,47.95238494873047,16.01513788816524,13.699814743684158,0.033880908108468014,0,10.226693801678099,28.71148365376299,5
tinyfold_f_medium_esm_n2_k10,clean_200_400,3hm2.pdb1_3,336,42.607234954833984,14.426377397081428,15.763237678083463,0.04378615522148669,0,10.291129499343167,24.109505763312477,6
tinyfold_f_medium_esm_n2_k10,clean_200_400,3hm2.pdb1_3,336,44.700096130371094,14.939770876362061,12.920663268749072,0.05471150657065154,0.07692307692307693,11.763366647593111,30.697413967144033,7
tinyfold_f_medium_esm_n2_k10,clean_200_400,3hm2.pdb1_3,336,33.848880767822266,17.484752365968493,20.213054660088282,0.01513656849622648,0,13.59186193119453,45.74299068348245,8
tinyfold_f_medium_esm_n2_k10,clean_200_400,3hm2.pdb1_3,336,40.80276107788086,20.42980006556427,25.349865894093004,0.0081308878670961,0,18.00214960268811,63.69342916786375,9
tinyfold_f_medium_esm_n2_k10,clean_200_400,3hm2.pdb2_3,334,25.940753936767578,16.161972513736025,14.949503086259043,0.016298085733346235,0,13.858440365266176,43.1739403761594,0
tinyfold_f_medium_esm_n2_k10,clean_200_400,3hm2.pdb2_3,334,27.40284538269043,17.08736024485344,18.462610081080083,0.015385063245797586,0,14.49329206445007,44.26831973701978,1
tinyfold_f_medium_esm_n2_k10,clean_200_400,3hm2.pdb2_3,334,43.674652099609375,13.813804404123337,12.319347320639725,0.0320262449903595,0,11.152671432357586,29.160876183863305,2
tinyfold_f_medium_esm_n2_k10,clean_200_400,3hm2.pdb2_3,334,23.588178634643555,14.8666812717203,12.947390363767985,0.05440789026949142,0,11.526803298472826,20.510573308034136,3
tinyfold_f_medium_esm_n2_k10,clean_200_400,3hm2.pdb2_3,334,48.674842834472656,14.768423470303334,12.112804823191933,0.030525144698049966,0,12.267659509257236,29.461054640496204,4
tinyfold_f_medium_esm_n2_k10,clean_200_400,3hm2.pdb2_3,334,42.37161636352539,15.928230008412465,16.352870126529535,0.013253739044001733,0,13.356350338504628,50.73187045560456,5
tinyfold_f_medium_esm_n2_k10,clean_200_400,3hm2.pdb2_3,334,44.19792175292969,14.06001468101241,15.149089799587792,0.023934558344216886,0,11.717401976865716,35.00486066086199,6
tinyfold_f_medium_esm_n2_k10,clean_200_400,3hm2.pdb2_3,334,32.40925598144531,14.81856882248429,15.016305351712088,0.048510145166862105,0,12.259620170321691,21.91347185134171,7
tinyfold_f_medium_esm_n2_k10,clean_200_400,3hm2.pdb2_3,334,48.78160095214844,17.253901400972776,22.791500476312343,0.015212889136288132,0,18.121886331571826,42.28753571778962,8
tinyfold_f_medium_esm_n2_k10,clean_200_400,3hm2.pdb2_3,334,37.64702606201172,14.905770444550601,13.32246500936909,0.017637128649694456,0,11.532222110673027,43.81214417570461,9
tinyfold_f_medium_esm_n2_k10,clean_200_400,3p7x.pdb1_1,329,28.80217742919922,15.006886371547289,14.02980988114522,0.02925239308144409,0,11.622679035101976,30.6597817229523,0
tinyfold_f_medium_esm_n2_k10,clean_200_400,3p7x.pdb1_1,329,35.041202545166016,14.807315855325506,13.368292035630194,0.031660030542043006,0,12.95143267258219,28.488717844624006,1
tinyfold_f_medium_esm_n2_k10,clean_200_400,3p7x.pdb1_1,329,31.0396671295166,14.424602719014755,13.885801559020042,0.030271152349269793,0,13.258191706825235,29.188305449928805,2
tinyfold_f_medium_esm_n2_k10,clean_200_400,3p7x.pdb1_1,329,33.532623291015625,14.26985081529537,14.009005312395784,0.023192336265738005,0,12.229151631197709,35.316599044763265,3
tinyfold_f_medium_esm_n2_k10,clean_200_400,3p7x.pdb1_1,329,29.633636474609375,14.522111519959243,13.366863897715094,0.08002715003245629,0,13.108135736966561,15.678442538690945,4
tinyfold_f_medium_esm_n2_k10,clean_200_400,3p7x.pdb1_1,329,32.39247512817383,14.554835902675583,12.810442405004716,0.016925106032211378,0,13.017140790264913,42.96141620347948,5
tinyfold_f_medium_esm_n2_k10,clean_200_400,3p7x.pdb1_1,329,23.674135208129883,15.195871357833287,13.778528351284995,0.025568838557688888,0,13.119400297155584,32.55986901779994,6
tinyfold_f_medium_esm_n2_k10,clean_200_400,3p7x.pdb1_1,329,26.108121871948242,14.104125098996384,11.874996251295672,0.06641507450401353,0,11.017452769605775,18.07813597778723,7
tinyfold_f_medium_esm_n2_k10,clean_200_400,3p7x.pdb1_1,329,29.307340621948242,15.403472288760748,13.484739243221792,0.029312222643807923,0,12.7177463851179,30.020899245952968,8
tinyfold_f_medium_esm_n2_k10,clean_200_400,3p7x.pdb1_1,329,30.24748420715332,14.818804602709063,13.67943934260695,0.03559619898965909,0,12.085317951257588,26.76486139158174,9
tinyfold_f_medium_esm_n2_k10,clean_200_400,3sw5.pdb1_0,345,32.77275085449219,15.727487051252728,15.731191737006395,0.01056462839896518,0,16.391685429717306,54.92502580569754,0
tinyfold_f_medium_esm_n2_k10,clean_200_400,3sw5.pdb1_0,345,40.62898254394531,15.679470483602072,16.203060822759046,0.015902150124698654,0,17.00009155248785,41.65151662556001,1
tinyfold_f_medium_esm_n2_k10,clean_200_400,3sw5.pdb1_0,345,34.849056243896484,16.945103463401132,15.419630593521392,0.045716241917140236,0.1,16.52250194741756,49.207250640784636,2
tinyfold_f_medium_esm_n2_k10,clean_200_400,3sw5.pdb1_0,345,39.94465637207031,15.22751197622021,14.47719296205836,0.01889079456677246,0,14.406855572531883,38.732035437497224,3
tinyfold_f_medium_esm_n2_k10,clean_200_400,3sw5.pdb1_0,345,34.892093658447266,17.125954539822995,17.247067452696744,0.010698046363570355,0,18.936752254214554,52.17051002422946,4
tinyfold_f_medium_esm_n2_k10,clean_200_400,3sw5.pdb1_0,345,23.358396530151367,15.780096658896396,16.14344565360466,0.009386199522818946,0,16.995084725169033,58.8592936343052,5
tinyfold_f_medium_esm_n2_k10,clean_200_400,3sw5.pdb1_0,345,32.215087890625,16.20811524196816,14.723971166285327,0.010591221751003825,0,15.15206240977694,56.58311710690239,6
tinyfold_f_medium_esm_n2_k10,clean_200_400,3sw5.pdb1_0,345,37.83412170410156,15.199618577402056,13.057862973644738,0.0218926968537418,0,13.54377149607489,35.73074975446203,7
tinyfold_f_medium_esm_n2_k10,clean_200_400,3sw5.pdb1_0,345,31.07958984375,16.199444394661942,13.839445548968262,0.01098027023763038,0,13.911903038138892,57.412633679318695,8
tinyfold_f_medium_esm_n2_k10,clean_200_400,3sw5.pdb1_0,345,28.948366165161133,15.611193157180706,14.96143949415895,0.014480213578296682,0,15.077666818249066,45.55727915545402,9
tinyfold_f_medium_esm_n2_k10,clean_200_400,3sw5.pdb1_10,344,35.89771270751953,14.050288353660727,14.536333838964254,0.031880712616691495,0,12.480366080111445,28.55372086913339,0
tinyfold_f_medium_esm_n2_k10,clean_200_400,3sw5.pdb1_10,344,28.999156951904297,14.764950069125108,16.044833468287315,0.0533781822226889,0,13.49275477256068,20.400203104395345,1
tinyfold_f_medium_esm_n2_k10,clean_200_400,3sw5.pdb1_10,344,26.597166061401367,14.703805253635975,14.692055184434023,0.03182447559738558,0,13.378907025921361,28.241997646238577,2
tinyfold_f_medium_esm_n2_k10,clean_200_400,3sw5.pdb1_10,344,31.038558959960938,14.001017277774285,15.535636341207663,0.04037121601999419,0,14.229035248245019,24.162695586634257,3
tinyfold_f_medium_esm_n2_k10,clean_200_400,3sw5.pdb1_10,344,32.50689697265625,14.54687181330042,15.173534647424606,0.057050454438436836,0,13.848030991672118,19.508288828867673,4
tinyfold_f_medium_esm_n2_k10,clean_200_400,3sw5.pdb1_10,344,27.608339309692383,13.743743361455776,14.528868004475848,0.04712225772386836,0,12.708053859995847,22.222912034952277,5
tinyfold_f_medium_esm_n2_k10,clean_200_400,3sw5.pdb1_10,344,39.845603942871094,14.427112994593195,16.600240730397218,0.06370538108066327,0,13.651615404904364,18.192296253824544,6
tinyfold_f_medium_esm_n2_k10,clean_200_400,3sw5.pdb1_10,344,27.71283531188965,14.451310664312832,14.44187984638386,0.030473601554667194,0,12.988844791253397,29.171160605999503,7
tinyfold_f_medium_esm_n2_k10,clean_200_400,3sw5.pdb1_10,344,24.14297103881836,13.48296022069299,14.78712224068393,0.059346727893999945,0,12.298080738349046,19.234512998248658,8
tinyfold_f_medium_esm_n2_k10,clean_200_400,3sw5.pdb1_10,344,31.482627868652344,15.41175769256046,14.481808121203454,0.024324456324784822,0,13.983492050155142,33.176590543113484,9
tinyfold_f_medium_esm_n2_k10,clean_200_400,3sw5.pdb1_11,344,39.15116500854492,15.197176381098629,13.984258545799575,0.016912431262377844,0,15.94434436603212,40.61338468789182,0
tinyfold_f_medium_esm_n2_k10,clean_200_400,3sw5.pdb1_11,344,26.46051025390625,16.2662528472078,16.148689521771583,0.014520625822462737,0,16.748786484636213,44.23757701243321,1
tinyfold_f_medium_esm_n2_k10,clean_200_400,3sw5.pdb1_11,344,31.533464431762695,16.559700051897902,14.372095658962017,0.02641775741444681,0,15.040116814941676,31.12472692248517,2
tinyfold_f_medium_esm_n2_k10,clean_200_400,3sw5.pdb1_11,344,22.38377571105957,16.110451630749367,15.902061474177769,0.0209780891470123,0,16.768650817534027,35.23466448793056,3
tinyfold_f_medium_esm_n2_k10,clean_200_400,3sw5.pdb1_11,344,30.339336395263672,15.937676813778516,14.169288619859167,0.03103706681520074,0,15.004789399651186,28.212897412284256,4
tinyfold_f_medium_esm_n2_k10,clean_200_400,3sw5.pdb1_11,344,34.72019958496094,15.8319748253818,14.706686218313363,0.012218828075088792,0,15.376557046705122,50.80429329590671,5
tinyfold_f_medium_esm_n2_k10,clean_200_400,3sw5.pdb1_11,344,23.002866744995117,16.3787245286147,15.222556653700995,0.03157045582908155,0,16.35753631023404,27.644956881651527,6
tinyfold_f_medium_esm_n2_k10,clean_200_400,3sw5.pdb1_11,344,23.623685836791992,15.540224850544064,14.485526566212677,0.017344868910391234,0,15.886135827300404,40.003569687646134,7
tinyfold_f_medium_esm_n2_k10,clean_200_400,3sw5.pdb1_11,344,33.76618194580078,15.351629668814775,14.301684541796536,0.008832457764979354,0,15.668181796983252,63.846620984065,8
tinyfold_f_medium_esm_n2_k10,clean_200_400,3sw5.pdb1_11,344,40.36506271362305,16.50385485488955,16.91669308298396,0.01701517069180988,0,16.618640056898315,40.116982939034855,9
tinyfold_f_medium_esm_n2_k10,clean_200_400,4cfg.pdb1_0,320,63.03846740722656,52.44770550077775,52.69547154345184,0.006047108901225939,0,52.559171275225,64.01111213614747,0
tinyfold_f_medium_esm_n2_k10,clean_200_400,4cfg.pdb1_0,320,60.85647201538086,52.58514345094782,51.19922976165753,0.003798727344317128,0,51.844783029557775,82.2784359388201,1
tinyfold_f_medium_esm_n2_k10,clean_200_400,4cfg.pdb1_0,320,59.895076751708984,50.19932741674659,48.95322672868245,0.006148911306684411,0,49.89674369691247,63.608246642086456,2
tinyfold_f_medium_esm_n2_k10,clean_200_400,4cfg.pdb1_0,320,62.95408248901367,50.11503776112825,49.657871581636364,0.0048723376525385475,0,50.20617964303333,72.05411371096694,3
tinyfold_f_medium_esm_n2_k10,clean_200_400,4cfg.pdb1_0,320,64.2735595703125,52.927186748521066,50.201228973280315,0.006561643323852842,0,51.80360076499563,61.32869275014611,4
tinyfold_f_medium_esm_n2_k10,clean_200_400,4cfg.pdb1_0,320,55.05358123779297,44.81442370796379,44.8462240550047,0.007351081336131476,0,45.136006241649845,58.10706673503595,5
tinyfold_f_medium_esm_n2_k10,clean_200_400,4cfg.pdb1_0,320,64.97969055175781,51.66729326582694,51.74557441453317,0.004771877521233851,0,51.87738701780177,72.71468937906364,6
tinyfold_f_medium_esm_n2_k10,clean_200_400,4cfg.pdb1_0,320,62.33714294433594,49.95474832582634,49.58488372462193,0.0066259345583171364,0,49.92030777610362,61.116631769529,7
tinyfold_f_medium_esm_n2_k10,clean_200_400,4cfg.pdb1_0,320,63.715904235839844,45.8467761772785,45.56677122818244,0.00865818782381255,0,45.88826315562335,53.18381848406146,8
tinyfold_f_medium_esm_n2_k10,clean_200_400,4cfg.pdb1_0,320,58.93968963623047,49.47049240049967,47.80701251035812,0.004501211784978698,0,49.31416076085277,75.30817116464014,9
tinyfold_f_medium_esm_n2_k10,clean_200_400,5a9d.pdb1_0,378,25.150373458862305,20.16162644367796,21.84421021430882,0.010636673623440417,0,20.77356864249625,51.2971146675355,0
tinyfold_f_medium_esm_n2_k10,clean_200_400,5a9d.pdb1_0,378,30.6516170501709,19.618759834086983,20.311223739858768,0.021865785751837483,0,19.745292756713322,33.6859729115648,1
tinyfold_f_medium_esm_n2_k10,clean_200_400,5a9d.pdb1_0,378,33.35149383544922,19.174734095139335,19.976635854041746,0.04100433628733131,0,18.849607430904285,23.38270844165535,2
tinyfold_f_medium_esm_n2_k10,clean_200_400,5a9d.pdb1_0,378,31.54027557373047,20.171936862899315,20.56976560917455,0.03567477618793895,0,20.091482202194964,25.29236249075512,3
tinyfold_f_medium_esm_n2_k10,clean_200_400,5a9d.pdb1_0,378,34.6306266784668,19.664047131651383,21.11236608707999,0.011182838266559815,0,19.905672602323353,50.17127740769191,4
tinyfold_f_medium_esm_n2_k10,clean_200_400,5a9d.pdb1_0,378,25.758258819580078,19.679540370828242,18.44690435062424,0.015845866535698926,0,18.448146024129777,41.124701977820465,5
tinyfold_f_medium_esm_n2_k10,clean_200_400,5a9d.pdb1_0,378,33.87845993041992,20.28075697808662,20.19714513238309,0.011527498868600572,0,19.85144312537549,49.26745789471391,6
tinyfold_f_medium_esm_n2_k10,clean_200_400,5a9d.pdb1_0,378,24.88889503479004,20.164798480793007,21.96487429225274,0.011892492167700032,0,19.173319115861535,48.67347494811864,7
tinyfold_f_medium_esm_n2_k10,clean_200_400,5a9d.pdb1_0,378,30.974903106689453,18.223820589460235,19.385212944442316,0.019655510700513155,0,18.815699574464592,36.05532186958047,8
tinyfold_f_medium_esm_n2_k10,clean_200_400,5a9d.pdb1_0,378,31.361433029174805,20.152449508193254,20.188588700485518,0.02320121875553395,0,19.521640898639724,32.578569621425096,9
tinyfold_f_medium_esm_n2_k10,clean_200_400,5dm7.pdb1_7,338,46.52623748779297,24.12390392501374,25.557596402266554,0.02644753353384229,0,15.939534183908888,30.84860473355468,0
tinyfold_f_medium_esm_n2_k10,clean_200_400,5dm7.pdb1_7,338,43.03587341308594,26.262510270505686,28.10218497211367,0.013860839795415268,0,17.04499839292582,45.378057247590526,1
tinyfold_f_medium_esm_n2_k10,clean_200_400,5dm7.pdb1_7,338,51.41769027709961,24.0928343468385,25.710885779425027,0.018288856349333027,0,16.998186512877265,38.215589495313175,2
tinyfold_f_medium_esm_n2_k10,clean_200_400,5dm7.pdb1_7,338,43.27568435668945,24.693360124957778,25.83379273130068,0.01789492598687562,0,15.375366166879571,39.500212162214126,3
tinyfold_f_medium_esm_n2_k10,clean_200_400,5dm7.pdb1_7,338,50.271968841552734,24.513495949421145,27.535969261959426,0.011912391881920982,0,19.220713695410414,48.59781594298443,4
tinyfold_f_medium_esm_n2_k10,clean_200_400,5dm7.pdb1_7,338,50.723331451416016,23.66834401483724,25.154639897504882,0.02028225265508523,0,17.78649225228586,35.65201107550368,5
tinyfold_f_medium_esm_n2_k10,clean_200_400,5dm7.pdb1_7,338,54.844993591308594,25.28332449417113,29.9326847325374,0.007738136915688077,0,19.679954531237172,63.8034148616304,6
tinyfold_f_medium_esm_n2_k10,clean_200_400,5dm7.pdb1_7,338,47.88632583618164,26.910550196601967,25.955339014055266,0.012291356761267554,0,14.712757538102775,51.43220804710862,7
tinyfold_f_medium_esm_n2_k10,clean_200_400,5dm7.pdb1_7,338,43.067996978759766,26.979929715247223,24.09031269580522,0.014326458490340472,0,12.541645275279375,49.29277200010059,8
tinyfold_f_medium_esm_n2_k10,clean_200_400,5dm7.pdb1_7,338,47.71322250366211,24.534897300515098,28.03046653069437,0.009584457600676928,0,18.07301043143304,56.789283227512925,9
tinyfold_f_medium_esm_n2_k10,clean_400_600,1kqb.pdb2_0,432,26.97244644165039,20.186707405979742,21.881059317822015,0.013679609620165666,0,20.406667342762088,44.19904596326147,0
tinyfold_f_medium_esm_n2_k10,clean_400_600,1kqb.pdb2_0,432,27.821229934692383,19.534393253888812,20.658013140895136,0.013434319983445084,0,19.253609270530788,45.12214245979502,1
tinyfold_f_medium_esm_n2_k10,clean_400_600,1kqb.pdb2_0,432,29.785078048706055,19.912271706417357,21.57313572431054,0.01676134369456106,0,19.973739505393507,39.305908987540356,2
tinyfold_f_medium_esm_n2_k10,clean_400_600,1kqb.pdb2_0,432,34.04281234741211,20.539451263803294,21.66401004552941,0.0156225275589928,0,20.4103870147621,40.85219235696378,3
tinyfold_f_medium_esm_n2_k10,clean_400_600,1kqb.pdb2_0,432,30.47884178161621,19.64000211069515,22.423760518468526,0.013539855049960149,0,20.79908580638885,44.34069059507212,4
tinyfold_f_medium_esm_n2_k10,clean_400_600,1kqb.pdb2_0,432,29.4749813079834,19.805412084478675,21.644792117748143,0.014484793143860746,0,20.273808144666532,42.76167591020382,5
tinyfold_f_medium_esm_n2_k10,clean_400_600,1kqb.pdb2_0,432,27.012758255004883,18.94335053495384,20.530806530028116,0.023998370548386962,0,19.27247415135531,31.982498751939694,6
tinyfold_f_medium_esm_n2_k10,clean_400_600,1kqb.pdb2_0,432,27.20452308654785,19.270509600516633,20.717524420674845,0.026671725071946286,0,19.311733163445076,30.06427215266394,7
tinyfold_f_medium_esm_n2_k10,clean_400_600,1kqb.pdb2_0,432,32.118064880371094,19.326770688713573,22.405887786260234,0.03672047706517947,0,20.358507134635488,24.847691241943924,8
tinyfold_f_medium_esm_n2_k10,clean_400_600,1kqb.pdb2_0,432,29.389217376708984,20.663022822945,21.856286812733327,0.013406773098007687,0,20.84507375013565,44.586813937992964,9
tinyfold_f_medium_esm_n2_k10,clean_400_600,1kqb.pdb3_0,432,25.283063888549805,19.626682021766538,20.740119230317617,0.015349292922485616,0,19.558256731518995,41.53311626662668,0
tinyfold_f_medium_esm_n2_k10,clean_400_600,1kqb.pdb3_0,432,29.860185623168945,20.352717339806027,22.054935251989395,0.013221534672968946,0,20.496290109825463,45.07637250669433,1
tinyfold_f_medium_esm_n2_k10,clean_400_600,1kqb.pdb3_0,432,27.34528160095215,20.65403080880439,23.14100435590134,0.015293639030688944,0,21.104013706668454,41.18523693411808,2
tinyfold_f_medium_esm_n2_k10,clean_400_600,1kqb.pdb3_0,432,30.736278533935547,20.094326648666993,20.44509292546123,0.021994865402241878,0,19.191749531061625,33.669968983392195,3
tinyfold_f_medium_esm_n2_k10,clean_400_600,1kqb.pdb3_0,432,30.5374698638916,19.731180233417174,20.57410048708921,0.01418231212324955,0,19.53631285187331,43.556284096089506,4
tinyfold_f_medium_esm_n2_k10,clean_400_600,1kqb.pdb3_0,432,28.20855712890625,19.548618590368918,21.19498029099997,0.025478296594038094,0,19.691325873138585,30.824837388758482,5
tinyfold_f_medium_esm_n2_k10,clean_400_600,1kqb.pdb3_0,432,32.91055679321289,21.161840180845285,22.606955321472523,0.017758869147816,0,21.02650890366509,37.76642049971259,6
tinyfold_f_medium_esm_n2_k10,clean_400_600,1kqb.pdb3_0,432,30.18524169921875,18.91802187301072,21.6632567984523,0.015144604567167068,0,19.869124699025964,41.768334297647066,7
tinyfold_f_medium_esm_n2_k10,clean_400_600,1kqb.pdb3_0,432,28.31329917907715,19.200353070088283,18.87496432307935,0.018176962338358006,0,18.59316018819206,37.82772819984033,8
tinyfold_f_medium_esm_n2_k10,clean_400_600,1kqb.pdb3_0,432,26.16697120666504,21.4577851851945,22.56300065907722,0.012821555598080007,0,20.988314188430625,45.73873370445298,9
tinyfold_f_medium_esm_n2_k10,clean_400_600,1oik.pdb1_0,494,32.506229400634766,17.078082899626455,16.895114786770538,0.046220585281887244,0,14.398117047276303,22.193132354354955,0
tinyfold_f_medium_esm_n2_k10,clean_400_600,1oik.pdb1_0,494,27.410137176513672,16.566474551915302,16.617053352551416,0.01207391116415765,0,14.181308324326798,52.91169447399483,1
tinyfold_f_medium_esm_n2_k10,clean_400_600,1oik.pdb1_0,494,39.47910690307617,17.36602662403129,18.84533501906257,0.009817885333867656,0,14.798576704833451,60.61655197796982,2
tinyfold_f_medium_esm_n2_k10,clean_400_600,1oik.pdb1_0,494,30.42599105834961,17.589515617071925,18.467426461290696,0.016042872154922352,0,16.382618503603087,41.7419805016235,3
tinyfold_f_medium_esm_n2_k10,clean_400_600,1oik.pdb1_0,494,37.90574264526367,17.317519753475437,16.471293128532185,0.0151915077256642,0,14.775978788345828,44.386974983401196,4
tinyfold_f_medium_esm_n2_k10,clean_400_600,1oik.pdb1_0,494,38.3997802734375,18.52481413053396,17.243172736827542,0.013880076664170399,0,15.836123510812309,46.195072253659625,5
tinyfold_f_medium_esm_n2_k10,clean_400_600,1oik.pdb1_0,494,39.07061004638672,17.38490509043682,18.23922934254812,0.0109816430782404,0,14.68964194899446,55.86633887244104,6
tinyfold_f_medium_esm_n2_k10,clean_400_600,1oik.pdb1_0,494,36.04347229003906,16.67515981035972,17.81066407934761,0.05100722527240457,0,15.404007695353084,20.755340599745846,7
tinyfold_f_medium_esm_n2_k10,clean_400_600,1oik.pdb1_0,494,37.70991134643555,17.59246939985847,19.311688857309605,0.008781356120914215,0,16.217336391281282,63.02973473637264,8
tinyfold_f_medium_esm_n2_k10,clean_400_600,1oik.pdb1_0,494,35.43454360961914,16.86257181880828,17.33988549100812,0.027758480830067128,0,15.653439891332116,30.029631904465766,9
tinyfold_f_medium_esm_n2_k10,clean_400_600,1p7h.pdb2_0,572,47.794517517089844,30.881333166880164,35.16941413269081,0.010722066400033451,0,24.881958155703437,49.58659653739695,0
tinyfold_f_medium_esm_n2_k10,clean_400_600,1p7h.pdb2_0,572,46.200103759765625,30.87306115271015,36.42237312965618,0.0044002011825206655,0,30.259172702906664,81.54224070523675,1
tinyfold_f_medium_esm_n2_k10,clean_400_600,1p7h.pdb2_0,572,48.37009048461914,27.409409390240228,28.74989671812433,0.005494745157257831,0,22.762384060068495,76.61035770559828,2
tinyfold_f_medium_esm_n2_k10,clean_400_600,1p7h.pdb2_0,572,41.26209259033203,22.365754927871077,23.59021639426319,0.014424962554999627,0,18.061589481957643,43.718183048528964,3
tinyfold_f_medium_esm_n2_k10,clean_400_600,1p7h.pdb2_0,572,45.13330078125,29.01661272322876,30.853727007952067,0.004738842474353255,0,22.753510580491312,85.05040765463902,4
tinyfold_f_medium_esm_n2_k10,clean_400_600,1p7h.pdb2_0,572,50.669002532958984,31.41171112589273,34.31595658329499,0.005496756919876475,0,24.809203914445433,74.50632907714919,5
tinyfold_f_medium_esm_n2_k10,clean_400_600,1p7h.pdb2_0,572,51.65822219848633,25.819911094859805,33.652947863880414,0.0053265947454211844,0,23.28489904288829,77.62927145128758,6
tinyfold_f_medium_esm_n2_k10,clean_400_600,1p7h.pdb2_0,572,41.91883087158203,26.749371386337522,30.21651684815673,0.023201075460084857,0,22.967723704493405,32.143935868061256,7
tinyfold_f_medium_esm_n2_k10,clean_400_600,1p7h.pdb2_0,572,44.9021110534668,25.938967513233102,25.690933488176217,0.010165954765631304,0,19.982336518293703,53.19773147586579,8
tinyfold_f_medium_esm_n2_k10,clean_400_600,1p7h.pdb2_0,572,37.32149124145508,24.456425844082368,27.291708678088405,0.005172902388142366,0,23.480681485366677,78.96454931910635,9
tinyfold_f_medium_esm_n2_k10,clean_400_600,2cfc.pdb1_0,500,39.77275085449219,16.49893788845282,17.811937950234633,0.01234459264320893,0,17.997061030322886,48.22131530765207,0
tinyfold_f_medium_esm_n2_k10,clean_400_600,2cfc.pdb1_0,500,33.569053649902344,17.2712617364703,17.60496814975958,0.01213859647415967,0,17.218739647247197,49.286227475330264,1
tinyfold_f_medium_esm_n2_k10,clean_400_600,2cfc.pdb1_0,500,25.903318405151367,18.286534498964695,17.879377352916727,0.014481632279977596,0,17.332414316260326,43.97827091303159,2
tinyfold_f_medium_esm_n2_k10,clean_400_600,2cfc.pdb1_0,500,27.667274475097656,18.980743847649332,18.886073349144617,0.012448616604128505,0,18.021102564738083,47.95099907718295,3
tinyfold_f_medium_esm_n2_k10,clean_400_600,2cfc.pdb1_0,500,22.902393341064453,16.644771977936994,16.79091338206551,0.011703446086285126,0,16.069497686311696,51.54617226332135,4
tinyfold_f_medium_esm_n2_k10,clean_400_600,2cfc.pdb1_0,500,27.807403564453125,18.95809723455621,16.971975441219445,0.01989532690100688,0,17.366613500562696,36.189851931342574,5
tinyfold_f_medium_esm_n2_k10,clean_400_600,2cfc.pdb1_0,500,30.008955001831055,16.258919634308885,16.658251946573127,0.017523211518149378,0,17.69506374325835,38.96064681187929,6
tinyfold_f_medium_esm_n2_k10,clean_400_600,2cfc.pdb1_0,500,35.22880935668945,17.50245048221815,18.055088271084685,0.008193120944673758,0,19.175097419546717,61.91725123097763,7
tinyfold_f_medium_esm_n2_k10,clean_400_600,2cfc.pdb1_0,500,25.081180572509766,13.971646040447304,13.184914575902198,0.04028029304142316,0,13.717892086835047,24.298944566199783,8
tinyfold_f_medium_esm_n2_k10,clean_400_600,2cfc.pdb1_0,500,36.30141830444336,16.833608151959034,18.250370706738845,0.012783913464784349,0,18.717827474153687,46.77212544614581,9
tinyfold_f_medium_esm_n2_k10,clean_400_600,2eb6.pdb1_1,534,43.80118942260742,19.084661267313315,18.101681117909788,0.0,0.0,inf,inf,0
tinyfold_f_medium_esm_n2_k10,clean_400_600,2eb6.pdb1_1,534,35.50137710571289,20.101765642943683,14.461454788648915,0.0,0.0,inf,inf,1
tinyfold_f_medium_esm_n2_k10,clean_400_600,2eb6.pdb1_1,534,35.782676696777344,18.36351442905122,14.252401034459698,0.0,0.0,inf,inf,2
tinyfold_f_medium_esm_n2_k10,clean_400_600,2eb6.pdb1_1,534,31.91956901550293,19.10257406444735,16.56455644939292,0.0,0.0,inf,inf,3
tinyfold_f_medium_esm_n2_k10,clean_400_600,2eb6.pdb1_1,534,32.759544372558594,18.329896443135528,17.930860000418303,0.0,0.0,inf,inf,4
tinyfold_f_medium_esm_n2_k10,clean_400_600,2eb6.pdb1_1,534,31.772958755493164,19.433449707060294,18.31671975472192,0.0,0.0,inf,inf,5
tinyfold_f_medium_esm_n2_k10,clean_400_600,2eb6.pdb1_1,534,39.69923782348633,19.583338733221737,20.367439434365874,0.0,0.0,inf,inf,6
tinyfold_f_medium_esm_n2_k10,clean_400_600,2eb6.pdb1_1,534,41.8942985534668,19.97577381528963,18.288986502274746,0.0,0.0,inf,inf,7
tinyfold_f_medium_esm_n2_k10,clean_400_600,2eb6.pdb1_1,534,41.0721321105957,19.31448793414487,22.749120575407634,0.0,0.0,inf,inf,8
tinyfold_f_medium_esm_n2_k10,clean_400_600,2eb6.pdb1_1,534,27.7187442779541,18.210392539953794,18.60970602587738,0.0,0.0,inf,inf,9
tinyfold_f_medium_esm_n2_k10,clean_400_600,2p7h.pdb1_0,449,26.73818588256836,17.719299372200652,16.035269279884343,0.010434778023663537,0,15.650777032880972,56.40851869746605,0
tinyfold_f_medium_esm_n2_k10,clean_400_600,2p7h.pdb1_0,449,40.782711029052734,19.123209357545424,17.712080306754785,0.03569946732380616,0,16.317019832415625,25.683264076076025,1
tinyfold_f_medium_esm_n2_k10,clean_400_600,2p7h.pdb1_0,449,37.36802673339844,16.14723219639285,15.804706680956354,0.028557810658214892,0,15.193277170010845,29.633657807095414,2
tinyfold_f_medium_esm_n2_k10,clean_400_600,2p7h.pdb1_0,449,40.33083724975586,16.093129240049052,15.562296216739394,0.03408811265819104,0,15.52426282557064,26.542587498076546,3
tinyfold_f_medium_esm_n2_k10,clean_400_600,2p7h.pdb1_0,449,30.507144927978516,14.713372149524469,13.05141509855248,0.02120867177120476,0,12.695590437766752,37.10594778545098,4
tinyfold_f_medium_esm_n2_k10,clean_400_600,2p7h.pdb1_0,449,31.2197265625,17.558770136993086,17.232851281019517,0.012402677558364774,0,17.045953269895595,48.73307563816087,5
tinyfold_f_medium_esm_n2_k10,clean_400_600,2p7h.pdb1_0,449,35.89360046386719,13.684577186504589,13.697368490856013,0.06441488113728462,0,12.402403595890481,18.214541031131578,6
tinyfold_f_medium_esm_n2_k10,clean_400_600,2p7h.pdb1_0,449,25.73556900024414,17.108351138639776,15.378200897844968,0.022701783247729604,0,14.569068882766512,34.3764043740846,7
tinyfold_f_medium_esm_n2_k10,clean_400_600,2p7h.pdb1_0,449,39.06062316894531,18.09993879269212,15.603193049390136,0.03046473067253058,0,15.18556000783716,28.491112671519357,8
tinyfold_f_medium_esm_n2_k10,clean_400_600,2p7h.pdb1_0,449,32.16194534301758,14.791764936106503,13.219092892299361,0.04723616492891653,0,13.468446672805523,22.042026889817436,9
tinyfold_f_medium_esm_n2_k10,clean_400_600,2p7h.pdb1_2,449,37.28194808959961,15.249823718470784,14.911521355933846,0.016762557827809096,0,11.690126226539824,45.24531250883191,0
tinyfold_f_medium_esm_n2_k10,clean_400_600,2p7h.pdb1_2,449,33.306095123291016,16.78759166690657,19.904248952194806,0.009675097382478586,0,17.795181687653567,56.7123946009452,1
tinyfold_f_medium_esm_n2_k10,clean_400_600,2p7h.pdb1_2,449,34.37343215942383,18.11275472412881,22.341435703979755,0.007579296847307956,0,17.230651448371074,68.3805288137787,2
tinyfold_f_medium_esm_n2_k10,clean_400_600,2p7h.pdb1_2,449,42.88572692871094,16.01743990937891,13.763785296378238,0.01941865128165325,0,11.47570963661618,40.87166813363243,3
tinyfold_f_medium_esm_n2_k10,clean_400_600,2p7h.pdb1_2,449,40.80760192871094,18.050760769247766,22.06207379908201,0.008563135546788546,0,17.037836852974134,62.78585596024246,4
tinyfold_f_medium_esm_n2_k10,clean_400_600,2p7h.pdb1_2,449,33.0423583984375,16.694193065873044,19.638864552924666,0.01571983132369638,0,15.75992237047146,42.6615248405827,5
tinyfold_f_medium_esm_n2_k10,clean_400_600,2p7h.pdb1_2,449,41.719730377197266,14.519825127287934,14.291857665704152,0.046054940355533334,0,11.96382023162654,22.729715145654122,6
tinyfold_f_medium_esm_n2_k10,clean_400_600,2p7h.pdb1_2,449,30.39615249633789,16.557998763293035,16.522079072610282,0.013549149213098058,0,15.04238033719669,47.68024551194757,7
tinyfold_f_medium_esm_n2_k10,clean_400_600,2p7h.pdb1_2,449,37.617454528808594,17.19787880394927,19.106873510569542,0.023987519493435375,0,15.054772674139286,33.02396624502712,8
tinyfold_f_medium_esm_n2_k10,clean_400_600,2p7h.pdb1_2,449,47.07946014404297,17.88321677412231,18.401154884395503,0.00860666006679041,0,15.69649269144225,65.08409880547343,9
tinyfold_f_medium_esm_n2_k10,clean_400_600,3a9l.pdb1_0,414,27.928897857666016,18.24222706277492,21.52192218084841,0.009017038604269514,0,17.074524219225296,60.443395667856976,0
tinyfold_f_medium_esm_n2_k10,clean_400_600,3a9l.pdb1_0,414,25.44129753112793,17.234026279791802,19.757695131966678,0.01030081274968196,0,15.577411906948791,57.05179924773084,1
tinyfold_f_medium_esm_n2_k10,clean_400_600,3a9l.pdb1_0,414,28.63593864440918,16.77006766690935,20.56236455349692,0.01877892325397407,0,16.1064645419508,37.96335565097755,2
tinyfold_f_medium_esm_n2_k10,clean_400_600,3a9l.pdb1_0,414,33.4013786315918,16.807911870481117,21.23586839780868,0.013523907755632244,0,17.12519095948564,46.04268229583469,3
tinyfold_f_medium_esm_n2_k10,clean_400_600,3a9l.pdb1_0,414,29.8193416595459,18.124522110008737,19.3533463229288,0.01281693099839939,0,14.963613178867472,49.62512919570303,4
tinyfold_f_medium_esm_n2_k10,clean_400_600,3a9l.pdb1_0,414,34.99557876586914,16.73454185945134,20.22651937679224,0.012642841714020395,0,16.360024752403643,48.675236086656916,5
tinyfold_f_medium_esm_n2_k10,clean_400_600,3a9l.pdb1_0,414,31.236595153808594,16.14124381575982,17.732100905929144,0.01689430017897731,0,14.64699609136328,41.47745387407727,6
tinyfold_f_medium_esm_n2_k10,clean_400_600,3a9l.pdb1_0,414,29.788768768310547,16.96271279364173,18.988686096991277,0.008820332015887987,0,15.994304446347476,63.24496958285482,7
tinyfold_f_medium_esm_n2_k10,clean_400_600,3a9l.pdb1_0,414,26.65602684020996,16.83147720435033,20.33301320240902,0.01791307263021356,0,15.804524184023641,39.24344540488738,8
tinyfold_f_medium_esm_n2_k10,clean_400_600,3a9l.pdb1_0,414,31.264860153198242,17.625921395703987,20.022644197446052,0.01025405087096482,0,15.880984516153356,56.77908545927618,9
tinyfold_f_medium_esm_n2_k10,clean_400_600,3b2t.pdb1_0,575,39.01029586791992,20.121249980920616,22.032577250284287,0.012051257049209042,0,19.59325102217337,48.06370083523629,0
tinyfold_f_medium_esm_n2_k10,clean_400_600,3b2t.pdb1_0,575,41.59635925292969,20.764095020170107,23.319019501401296,0.015248603307079897,0,21.933437569012067,41.06167597908873,1
tinyfold_f_medium_esm_n2_k10,clean_400_600,3b2t.pdb1_0,575,37.442562103271484,23.139811880692573,24.777085453545318,0.007120964660785244,0,22.791552947787043,64.53881848855737,2
tinyfold_f_medium_esm_n2_k10,clean_400_600,3b2t.pdb1_0,575,35.67138671875,20.770060022809712,22.03759766186438,0.016314859497965618,0,20.37313447870052,39.8327725791397,3
tinyfold_f_medium_esm_n2_k10,clean_400_600,3b2t.pdb1_0,575,41.131622314453125,20.106285409140565,23.73197143902908,0.006695165468219321,0,21.483237745382358,68.34042972291397,4
tinyfold_f_medium_esm_n2_k10,clean_400_600,3b2t.pdb1_0,575,38.72774124145508,18.281601660937408,19.84987656670131,0.04221073515187602,0,18.21279584844643,23.029582610112435,5
tinyfold_f_medium_esm_n2_k10,clean_400_600,3b2t.pdb1_0,575,33.9553108215332,15.366355323781427,17.77584750704174,0.03436389984332655,0,16.713811421010256,26.219518348390817,6
tinyfold_f_medium_esm_n2_k10,clean_400_600,3b2t.pdb1_0,575,27.954261779785156,21.000549046848867,22.0969455457602,0.008523121411215277,0,20.80341880462682,58.90568417065742,7
tinyfold_f_medium_esm_n2_k10,clean_400_600,3b2t.pdb1_0,575,35.21737289428711,17.075904954858196,17.767709521422,0.01667861917303931,0,16.493617817535895,40.67999326615168,8
tinyfold_f_medium_esm_n2_k10,clean_400_600,3b2t.pdb1_0,575,40.738285064697266,17.7415803730808,21.75801539666589,0.009689073926350657,0,19.10910108918138,55.469147658926936,9
tinyfold_f_medium_esm_n2_k10,clean_400_600,3dmp.pdb1_0,428,32.59320831298828,18.352126299161263,19.00596365510534,0.008992478736654924,0,16.916560955326837,60.78995677674252,0
tinyfold_f_medium_esm_n2_k10,clean_400_600,3dmp.pdb1_0,428,34.21622848510742,15.204195664966813,15.073154059615435,0.07982386009176949,0,14.169605807536975,15.623563894283587,1
tinyfold_f_medium_esm_n2_k10,clean_400_600,3dmp.pdb1_0,428,36.15930938720703,17.652444384136523,16.998723518170852,0.029690446395809672,0,14.870168166233606,29.022833855482144,2
tinyfold_f_medium_esm_n2_k10,clean_400_600,3dmp.pdb1_0,428,34.36576461791992,17.05484609707257,16.131327261504477,0.02371990530415489,0,15.60805977725985,33.05931096928698,3
tinyfold_f_medium_esm_n2_k10,clean_400_600,3dmp.pdb1_0,428,28.764493942260742,17.023629132272934,19.094678945476833,0.011944986614203503,0,16.340855533609997,50.56695230533244,4
tinyfold_f_medium_esm_n2_k10,clean_400_600,3dmp.pdb1_0,428,32.45995330810547,18.691242587557007,16.289631493114996,0.009871154104205594,0,17.200756469906178,56.586291838151105,5
tinyfold_f_medium_esm_n2_k10,clean_400_600,3dmp.pdb1_0,428,34.36195373535156,18.6324338882838,15.361594513378162,0.010385752147557908,0,15.489495364492498,56.849811165013236,6
tinyfold_f_medium_esm_n2_k10,clean_400_600,3dmp.pdb1_0,428,25.648950576782227,18.807760664589118,15.664040444625723,0.010570879345294678,0,15.08656801405171,56.77366977895117,7
tinyfold_f_medium_esm_n2_k10,clean_400_600,3dmp.pdb1_0,428,35.353363037109375,18.76793254321818,19.09790816750871,0.033606442561704496,0,18.628969477498472,26.330425859347194,8
tinyfold_f_medium_esm_n2_k10,clean_400_600,3dmp.pdb1_0,428,33.044952392578125,18.323898396929476,16.286077331088887,0.009053226652641537,0,16.353756881681107,61.37895935857966,9
tinyfold_f_medium_esm_n2_k10,clean_400_600,3eb2.pdb1_2,581,35.17359924316406,18.305883801856197,18.939116563248334,0.03232028646412479,0,17.163579203853622,27.130933151562793,0
tinyfold_f_medium_esm_n2_k10,clean_400_600,3eb2.pdb1_2,581,38.000091552734375,17.952535205317766,22.29900069670784,0.008411830304086458,0,19.25472485775442,60.74650639166917,1
tinyfold_f_medium_esm_n2_k10,clean_400_600,3eb2.pdb1_2,581,38.702247619628906,14.809006529296873,17.716831921319177,0.0540351983782374,0,15.172476186427758,20.043694356556422,2
tinyfold_f_medium_esm_n2_k10,clean_400_600,3eb2.pdb1_2,581,41.54822540283203,15.577691023924746,16.37993383493672,0.03215303818684019,0,15.835422920014057,27.437929558337228,3
tinyfold_f_medium_esm_n2_k10,clean_400_600,3eb2.pdb1_2,581,41.13142013549805,16.10968038118422,17.105975496962746,0.009303884104660863,0,16.18008869075695,60.44686324253781,4
tinyfold_f_medium_esm_n2_k10,clean_400_600,3eb2.pdb1_2,581,31.11107063293457,16.09375592248866,16.07483065609478,0.04961715669645558,0,15.576557378824605,21.096580429514294,5
tinyfold_f_medium_esm_n2_k10,clean_400_600,3eb2.pdb1_2,581,26.906484603881836,16.513895751997698,18.48371100961453,0.024844945664057014,0,16.60864329495895,31.86109906485791,6
tinyfold_f_medium_esm_n2_k10,clean_400_600,3eb2.pdb1_2,581,38.64442825317383,17.924352854435227,17.270194297324235,0.039946934348546105,0,15.959180426253642,24.04492108667972,7
tinyfold_f_medium_esm_n2_k10,clean_400_600,3eb2.pdb1_2,581,40.534629821777344,15.443839212451577,14.916380469188404,0.05662146987063809,0,13.94983582330927,19.59017834410599,8
tinyfold_f_medium_esm_n2_k10,clean_400_600,3eb2.pdb1_2,581,43.990779876708984,18.54418798677337,19.95584575835309,0.010034420960742451,0,18.50274908885457,54.70437793739402,9
tinyfold_f_medium_esm_n2_k10,clean_400_600,3ebb.pdb1_0,519,33.452091217041016,18.24705964456329,21.12468707057011,0.018886840965794658,0,18.047188348488376,37.128974246012326,0
tinyfold_f_medium_esm_n2_k10,clean_400_600,3ebb.pdb1_0,519,32.278724670410156,17.49437097943706,20.575069437100808,0.022264278202594193,0,17.94363550839338,33.68783617930659,1
tinyfold_f_medium_esm_n2_k10,clean_400_600,3ebb.pdb1_0,519,38.20515060424805,20.288295414440054,21.352438443281187,0.01224639308725702,0,19.485340143621833,47.64322965162623,2
tinyfold_f_medium_esm_n2_k10,clean_400_600,3ebb.pdb1_0,519,27.92069435119629,18.926104408385203,22.30133473247783,0.01505516461486289,0,19.10364699412454,42.172375985583024,3
tinyfold_f_medium_esm_n2_k10,clean_400_600,3ebb.pdb1_0,519,29.698047637939453,17.077183974619395,17.57461016517871,0.01463939884639751,0,16.31317137553035,44.28318477949747,4
tinyfold_f_medium_esm_n2_k10,clean_400_600,3ebb.pdb1_0,519,34.887847900390625,19.77457379771788,21.563200212599366,0.024973204944548313,0,18.739504758122745,31.33170073375639,5
tinyfold_f_medium_esm_n2_k10,clean_400_600,3ebb.pdb1_0,519,40.588172912597656,19.52574683952765,21.935496617844425,0.03494664192948192,0,19.42787121171981,25.655057173500538,6
tinyfold_f_medium_esm_n2_k10,clean_400_600,3ebb.pdb1_0,519,27.024349212646484,16.95021626941673,17.64305934132616,0.0466800894251439,0,15.739081426955192,21.888626708102695,7
tinyfold_f_medium_esm_n2_k10,clean_400_600,3ebb.pdb1_0,519,35.327266693115234,18.891781809544607,18.75700337730419,0.028879648352319195,0,17.08726044379825,29.024176094509837,8
tinyfold_f_medium_esm_n2_k10,clean_400_600,3ebb.pdb1_0,519,35.522216796875,19.13613972580013,20.468718137373124,0.01248904519504085,0,19.278587081423765,47.17063323164447,9
tinyfold_f_medium_esm_n2_k10,clean_400_600,3ebb.pdb2_0,519,36.81324005126953,19.957711328290713,22.618298730433118,0.018447092593086734,0,20.684026555607865,37.007934000985756,0
tinyfold_f_medium_esm_n2_k10,clean_400_600,3ebb.pdb2_0,519,31.500455856323242,19.68913037822391,23.077355260775416,0.01644790611894623,0,19.54373445080551,39.86410190433913,1
tinyfold_f_medium_esm_n2_k10,clean_400_600,3ebb.pdb2_0,519,27.714868545532227,18.664962849627994,19.741443192644713,0.02981224310634367,0,18.483167001561018,28.272746483811716,2
tinyfold_f_medium_esm_n2_k10,clean_400_600,3ebb.pdb2_0,519,36.15494918823242,18.241784599304587,19.65832723087873,0.018340455503242457,0,18.24710964094467,37.72701352692594,3
tinyfold_f_medium_esm_n2_k10,clean_400_600,3ebb.pdb2_0,519,36.79652786254883,20.69959090768016,22.687527943976683,0.010615952289319915,0,21.202630928725124,51.155088542762094,4
tinyfold_f_medium_esm_n2_k10,clean_400_600,3ebb.pdb2_0,519,35.377296447753906,17.717146810357253,17.31585079288478,0.030147963440179282,0,17.24813595390553,28.264588463270822,5
tinyfold_f_medium_esm_n2_k10,clean_400_600,3ebb.pdb2_0,519,36.44456481933594,18.062798613578906,19.43237398557958,0.012064008090364656,0,17.872144029636225,49.013341602453096,6
tinyfold_f_medium_esm_n2_k10,clean_400_600,3ebb.pdb2_0,519,36.74409103393555,19.350299388823505,22.700420505397094,0.01568779639063562,0,19.499814487244805,41.01466889343354,7
tinyfold_f_medium_esm_n2_k10,clean_400_600,3ebb.pdb2_0,519,40.39503479003906,19.557036028985245,17.40232823251019,0.02374791263174776,0,17.925066114569663,32.427879131408524,8
tinyfold_f_medium_esm_n2_k10,clean_400_600,3ebb.pdb2_0,519,32.060577392578125,18.63427785711047,20.420932591264208,0.009934936130991098,0,19.39054288981688,54.37192252718608,9
tinyfold_f_medium_esm_n2_k10,clean_400_600,3hml.pdb1_0,473,31.49872398376465,18.664554437785043,15.778745894967386,0.02200779547991666,0,15.319497450784992,34.726012413781056,0
tinyfold_f_medium_esm_n2_k10,clean_400_600,3hml.pdb1_0,473,36.528568267822266,18.92667300802758,18.25783243312843,0.02109773511180842,0,17.425106724572597,34.91948569680615,1
tinyfold_f_medium_esm_n2_k10,clean_400_600,3hml.pdb1_0,473,29.55862045288086,19.22185478273817,16.769548956762012,0.025136771008413644,0,16.009800321737675,31.793428047351526,2
tinyfold_f_medium_esm_n2_k10,clean_400_600,3hml.pdb1_0,473,35.754268646240234,18.694674890677977,17.68357109947036,0.020935207367287396,0,16.957616127882023,35.219107648613395,3
tinyfold_f_medium_esm_n2_k10,clean_400_600,3hml.pdb1_0,473,26.38377571105957,20.152584053529814,18.32753503226671,0.010008109699311929,0,17.64015801765005,55.59035027023461,4
tinyfold_f_medium_esm_n2_k10,clean_400_600,3hml.pdb1_0,473,31.272071838378906,18.705362510961955,18.335144022162655,0.024212328053945905,0,17.438284581583257,32.16072812907651,5
tinyfold_f_medium_esm_n2_k10,clean_400_600,3hml.pdb1_0,473,32.431636810302734,19.009026606278283,16.60155308516074,0.01980203133465416,0,15.879781626705274,36.833117059442834,6
tinyfold_f_medium_esm_n2_k10,clean_400_600,3hml.pdb1_0,473,32.867130279541016,19.0257976742496,16.808028368343223,0.01921065456156792,0,16.885652917750672,37.127900092884374,7
tinyfold_f_medium_esm_n2_k10,clean_400_600,3hml.pdb1_0,473,25.271163940429688,19.545908839498946,18.348511345776544,0.016784678015847734,0,17.41197552980391,40.105849050301266,8
tinyfold_f_medium_esm_n2_k10,clean_400_600,3hml.pdb1_0,473,27.346895217895508,19.764567024578675,18.346785994423747,0.029137357518944206,0,17.181898039833243,28.854664518232504,9
tinyfold_f_medium_esm_n2_k10,clean_400_600,3oid.pdb1_0,500,33.812618255615234,17.87634638312456,18.610975330653975,0.013985463545871582,0,16.266731217261473,45.638415052057354,0
tinyfold_f_medium_esm_n2_k10,clean_400_600,3oid.pdb1_0,500,40.897300720214844,16.226541511065584,18.300026156375544,0.01790046113247355,0,16.95115735989268,38.739301096208365,1
tinyfold_f_medium_esm_n2_k10,clean_400_600,3oid.pdb1_0,500,33.096012115478516,15.072176821599024,16.464838655206595,0.022132284546155512,0,15.362104761239994,34.588222425011786,2
tinyfold_f_medium_esm_n2_k10,clean_400_600,3oid.pdb1_0,500,31.00611114501953,14.22751977320128,17.06946671592102,0.025200099051826085,0,15.144861595047816,32.00533486136887,3
tinyfold_f_medium_esm_n2_k10,clean_400_600,3oid.pdb1_0,500,25.786405563354492,18.98744146748829,16.70265539721312,0.011988257640840815,0,14.967705357679794,52.00295087274271,4
tinyfold_f_medium_esm_n2_k10,clean_400_600,3oid.pdb1_0,500,24.4776611328125,16.290652089829486,20.27197638602792,0.029597480125284226,0,18.306295652322834,28.416994957413046,5
tinyfold_f_medium_esm_n2_k10,clean_400_600,3oid.pdb1_0,500,34.20429611206055,13.807223879661485,16.095207215172344,0.06517343560303218,0,14.896536743344098,17.81219295779193,6
tinyfold_f_medium_esm_n2_k10,clean_400_600,3oid.pdb1_0,500,30.280969619750977,15.403405194243957,18.665590136539883,0.032459811728207395,0,16.2910831798968,27.199170552310687,7
tinyfold_f_medium_esm_n2_k10,clean_400_600,3oid.pdb1_0,500,30.501192092895508,17.430823765236603,15.908462726647073,0.015560359203109666,0,14.430191369958779,43.99070937476663,8
tinyfold_f_medium_esm_n2_k10,clean_400_600,3oid.pdb1_0,500,29.068805694580078,16.114554942315536,18.928811991431374,0.023994142013204336,0,16.012965432757408,32.70214445963806,9
tinyfold_f_medium_esm_n2_k10,clean_400_600,3oid.pdb1_2,497,37.719661712646484,17.441747055464347,20.063493002458735,0.014889690004882543,0,18.0713852936255,42.86939943906526,0
tinyfold_f_medium_esm_n2_k10,clean_400_600,3oid.pdb1_2,497,27.837692260742188,18.195228288999175,17.046131305362554,0.015664011486898232,0,16.575131533461885,42.26777663192435,1
tinyfold_f_medium_esm_n2_k10,clean_400_600,3oid.pdb1_2,497,35.63706970214844,16.978742969412785,17.27602941992452,0.017669125246744428,0,17.469345710437505,38.847234478635734,2
tinyfold_f_medium_esm_n2_k10,clean_400_600,3oid.pdb1_2,497,28.792104721069336,14.19530159144205,15.002141725633745,0.036568848924398524,0,14.639402552228066,25.597250138535152,3
tinyfold_f_medium_esm_n2_k10,clean_400_600,3oid.pdb1_2,497,38.5120849609375,18.215439988407695,20.262921760103193,0.01113739430272532,0,19.365494888407817,50.596137948238876,4
tinyfold_f_medium_esm_n2_k10,clean_400_600,3oid.pdb1_2,497,34.16313552856445,16.87124650174016,18.059700439503168,0.0262220240470967,0,17.374179518833017,30.684463530194506,5
tinyfold_f_medium_esm_n2_k10,clean_400_600,3oid.pdb1_2,497,26.247547149658203,18.42859086112501,18.64669395723442,0.014513217303064012,0,17.260123336899433,43.95749542148459,6
tinyfold_f_medium_esm_n2_k10,clean_400_600,3oid.pdb1_2,497,32.02142333984375,13.4531765971211,13.534021221622103,0.03940346652712179,0,13.91993297385379,24.59026828041578,7
tinyfold_f_medium_esm_n2_k10,clean_400_600,3oid.pdb1_2,497,31.664710998535156,17.116742070881543,16.804111584259076,0.01489391197295623,0,16.500480876041916,43.68053745455232,8
tinyfold_f_medium_esm_n2_k10,clean_400_600,3oid.pdb1_2,497,35.05949783325195,18.89920978076665,17.920153369922886,0.018907130631763257,0,16.61831094506876,37.59191650128947,9
tinyfold_f_medium_esm_n2_k10,clean_400_600,3oid.pdb1_4,499,31.0800724029541,15.316104125597857,14.48881239235467,0.012591492440486065,0,11.387901145395759,58.434829646164026,0
tinyfold_f_medium_esm_n2_k10,clean_400_600,3oid.pdb1_4,499,41.90236282348633,17.457119779943504,17.586972900749146,0.01931090906040592,0,13.075062951332352,39.18366179128092,1
tinyfold_f_medium_esm_n2_k10,clean_400_600,3oid.pdb1_4,499,45.70233154296875,17.1621533242095,15.866057479290822,0.011828967930310151,0,11.943152903777172,59.564209216032154,2
tinyfold_f_medium_esm_n2_k10,clean_400_600,3oid.pdb1_4,499,38.22719955444336,16.6712009197848,15.959066396877082,0.02285321740882316,0,12.40718487938324,35.523361041538564,3
tinyfold_f_medium_esm_n2_k10,clean_400_600,3oid.pdb1_4,499,49.414329528808594,16.678528321141727,17.56918676819714,0.007773405400821393,0,14.418273159050935,75.20647862999162,4
tinyfold_f_medium_esm_n2_k10,clean_400_600,3oid.pdb1_4,499,43.2484130859375,17.956806323213346,18.184167460178365,0.007782874292515743,0,15.16111155032971,72.24185392602654,5
tinyfold_f_medium_esm_n2_k10,clean_400_600,3oid.pdb1_4,499,35.75385665893555,16.625950055250964,17.375274043601575,0.009643855143920238,0,13.759469089620891,64.27739362099373,6
tinyfold_f_medium_esm_n2_k10,clean_400_600,3oid.pdb1_4,499,49.64419937133789,18.871164328265564,19.99213203086416,0.026196170083762845,0,15.188983964369752,31.23963462166872,7
tinyfold_f_medium_esm_n2_k10,clean_400_600,3oid.pdb1_4,499,45.31647491455078,17.908259785973236,18.157905676613296,0.007621661342206716,0,15.654562282132032,71.94232252059464,8
tinyfold_f_medium_esm_n2_k10,clean_400_600,3oid.pdb1_4,499,25.522478103637695,18.702894623820196,23.45886339207847,0.023239401007657524,0,16.69851425527979,33.14331698375231,9
tinyfold_f_medium_esm_n2_k10,clean_400_600,3pj5.pdb1_0,446,23.483835220336914,17.954002187605603,16.79488373836839,0.0,0.0,inf,inf,0
tinyfold_f_medium_esm_n2_k10,clean_400_600,3pj5.pdb1_0,446,24.159603118896484,17.719165325200613,16.882791889691187,0.0,0.0,inf,inf,1
tinyfold_f_medium_esm_n2_k10,clean_400_600,3pj5.pdb1_0,446,27.67953109741211,17.615286506783683,16.067982347041415,0.0,0.0,inf,inf,2
tinyfold_f_medium_esm_n2_k10,clean_400_600,3pj5.pdb1_0,446,33.95310974121094,17.559446255968155,17.46967042562842,0.0,0.0,inf,inf,3
tinyfold_f_medium_esm_n2_k10,clean_400_600,3pj5.pdb1_0,446,36.66564178466797,17.71632299412353,16.638622603856287,0.0,0.0,inf,inf,4
tinyfold_f_medium_esm_n2_k10,clean_400_600,3pj5.pdb1_0,446,25.75885009765625,18.052841217647803,16.57693095465544,0.0,0.0,inf,inf,5
tinyfold_f_medium_esm_n2_k10,clean_400_600,3pj5.pdb1_0,446,27.210315704345703,17.771520591560577,16.75392534043458,0.0,0.0,inf,inf,6
tinyfold_f_medium_esm_n2_k10,clean_400_600,3pj5.pdb1_0,446,31.048301696777344,17.410832062053927,16.332547732259794,0.0,0.0,inf,inf,7
tinyfold_f_medium_esm_n2_k10,clean_400_600,3pj5.pdb1_0,446,24.53215980529785,17.135283249491064,15.458823356313461,0.0,0.0,inf,inf,8
tinyfold_f_medium_esm_n2_k10,clean_400_600,3pj5.pdb1_0,446,28.131322860717773,17.308622606896048,16.12196433162481,0.0,0.0,inf,inf,9
tinyfold_f_medium_esm_n2_k10,clean_400_600,3pja.pdb1_18,445,44.862430572509766,24.285505054298426,16.870226902652078,0.0,0.0,inf,inf,0
tinyfold_f_medium_esm_n2_k10,clean_400_600,3pja.pdb1_18,445,36.76296615600586,22.822796863012112,21.788223008717168,0.0,0.0,inf,inf,1
tinyfold_f_medium_esm_n2_k10,clean_400_600,3pja.pdb1_18,445,32.61406707763672,24.38380267571014,22.82018455225482,0.0,0.0,inf,inf,2
tinyfold_f_medium_esm_n2_k10,clean_400_600,3pja.pdb1_18,445,44.12042236328125,21.870709063306037,7.708660417071816,0.0,0.0,inf,inf,3
tinyfold_f_medium_esm_n2_k10,clean_400_600,3pja.pdb1_18,445,42.04962158203125,24.587563197743094,16.2266092689905,0.0,0.0,inf,inf,4
tinyfold_f_medium_esm_n2_k10,clean_400_600,3pja.pdb1_18,445,34.466426849365234,22.23184329556841,12.216880977893695,0.0,0.0,inf,inf,5
tinyfold_f_medium_esm_n2_k10,clean_400_600,3pja.pdb1_18,445,40.00950622558594,25.020634203912266,21.270508603792404,0.0,0.0,inf,inf,6
tinyfold_f_medium_esm_n2_k10,clean_400_600,3pja.pdb1_18,445,38.991329193115234,23.12914617564578,22.46252728237495,0.0,0.0,inf,inf,7
tinyfold_f_medium_esm_n2_k10,clean_400_600,3pja.pdb1_18,445,41.520694732666016,24.446313707580185,16.522907419463774,0.0,0.0,inf,inf,8
tinyfold_f_medium_esm_n2_k10,clean_400_600,3pja.pdb1_18,445,35.16684341430664,22.39082675390516,13.486020728630244,0.0,0.0,inf,inf,9
tinyfold_f_medium_esm_n2_k10,clean_400_600,3pja.pdb1_3,427,33.16864013671875,22.883725975807522,30.715437573503998,0.008717262078929035,0,27.12907716384079,55.27129743048533,0
tinyfold_f_medium_esm_n2_k10,clean_400_600,3pja.pdb1_3,427,43.24699783325195,20.411624359129195,28.152082145131313,0.0055879749279307556,0,24.216529811963582,74.23207191759667,1
tinyfold_f_medium_esm_n2_k10,clean_400_600,3pja.pdb1_3,427,37.093807220458984,22.467241804306152,31.685643626675795,0.006698540945130658,0,26.8017531000212,64.6874931637951,2
tinyfold_f_medium_esm_n2_k10,clean_400_600,3pja.pdb1_3,427,40.61247634887695,24.03036175870194,31.191028885638545,0.006055866183010136,0,26.633190534691305,68.86666024055965,3
tinyfold_f_medium_esm_n2_k10,clean_400_600,3pja.pdb1_3,427,37.05380630493164,23.94241752237521,30.662463464818032,0.006288885538481461,0,26.58447079274715,67.31778176051006,4
tinyfold_f_medium_esm_n2_k10,clean_400_600,3pja.pdb1_3,427,33.258827209472656,19.806039238857398,26.33793863825316,0.027170309296409994,0,22.943622547206072,29.376282401252894,5
tinyfold_f_medium_esm_n2_k10,clean_400_600,3pja.pdb1_3,427,29.99876594543457,21.36664586618476,28.011769857226916,0.005901169875222781,0,24.081988672360463,71.75357822170211,6
tinyfold_f_medium_esm_n2_k10,clean_400_600,3pja.pdb1_3,427,40.29701232910156,22.5254886368274,30.95353375918614,0.005425393433029845,0,26.661996311209222,73.71697073784402,7
tinyfold_f_medium_esm_n2_k10,clean_400_600,3pja.pdb1_3,427,39.636924743652344,23.13357428686464,31.283816425027375,0.005228416076966988,0,26.80001750761425,75.35947069289439,8
tinyfold_f_medium_esm_n2_k10,clean_400_600,3pja.pdb1_3,427,35.48781967163086,20.89864403974599,28.198247664924825,0.009632270060120162,0,24.350175256142304,52.95612378734105,9
tinyfold_f_medium_esm_n2_k10,clean_400_600,3pja.pdb1_7,439,33.0222282409668,22.702995355683008,17.744271093675,0.015183725149116966,0,17.41844709957795,42.656921562968684,0
tinyfold_f_medium_esm_n2_k10,clean_400_600,3pja.pdb1_7,439,44.266666412353516,21.710617928007963,21.310445635873286,0.01620816803612625,0,16.872939275630287,41.222664102581795,1
tinyfold_f_medium_esm_n2_k10,clean_400_600,3pja.pdb1_7,439,35.352447509765625,20.698817562324987,21.901933718176654,0.026230758780634775,0,18.339561272296248,30.505192152679342,2
tinyfold_f_medium_esm_n2_k10,clean_400_600,3pja.pdb1_7,439,33.06501388549805,21.571430380758056,22.352659089906815,0.017664227804811437,0,19.31010320362317,38.2773472688494,3
tinyfold_f_medium_esm_n2_k10,clean_400_600,3pja.pdb1_7,439,36.27949142456055,22.045837697842636,20.969392628516157,0.023031527070795203,0,17.699950766965518,33.07191152753728,4
tinyfold_f_medium_esm_n2_k10,clean_400_600,3pja.pdb1_7,439,32.18164825439453,22.76027713238151,21.963092751016276,0.010399215297004757,0,17.36396078028576,54.448945628097526,5
tinyfold_f_medium_esm_n2_k10,clean_400_600,3pja.pdb1_7,439,39.532772064208984,22.788266384234507,21.329154643232435,0.015050868656346486,0,15.758632793915917,43.87553992866935,6
tinyfold_f_medium_esm_n2_k10,clean_400_600,3pja.pdb1_7,439,44.625701904296875,22.811333351514357,21.043530758784016,0.015464028931095919,0,17.873561394861312,41.971244888202186,7
tinyfold_f_medium_esm_n2_k10,clean_400_600,3pja.pdb1_7,439,35.91503143310547,21.763823635353386,21.125150717412755,0.014120613618968436,0,17.490816634688485,44.59205309106913,8
tinyfold_f_medium_esm_n2_k10,clean_400_600,3pja.pdb1_7,439,44.04731750488281,21.331901817129026,19.368697044053285,0.017135975210303838,0,16.127815887853508,40.181843376758835,9
tinyfold_f_medium_esm_n2_k10,clean_400_600,3pjf.pdb1_0,504,31.799734115600586,17.786142375807017,20.276470527780475,0.011075177901258797,0,16.382891747798656,53.178349908947546,0
tinyfold_f_medium_esm_n2_k10,clean_400_600,3pjf.pdb1_0,504,41.75238037109375,17.33135925181975,15.772558355701538,0.028442545054612176,0,16.057166507860615,29.496101265735824,1
tinyfold_f_medium_esm_n2_k10,clean_400_600,3pjf.pdb1_0,504,32.65966796875,17.349445105441795,17.94249405856833,0.022764889209517244,0,17.03453973798005,33.46619679803787,2
tinyfold_f_medium_esm_n2_k10,clean_400_600,3pjf.pdb1_0,504,33.312255859375,17.01411251208694,16.43825775164589,0.01683416854250792,0,15.50758720374309,40.987571365627765,3
tinyfold_f_medium_esm_n2_k10,clean_400_600,3pjf.pdb1_0,504,31.491579055786133,16.76327993646993,15.367602146655328,0.043996468726857384,0,14.239747912776393,22.90816383173694,4
tinyfold_f_medium_esm_n2_k10,clean_400_600,3pjf.pdb1_0,504,26.416763305664062,16.775641477887238,16.093899603725685,0.030404649889158603,0,14.88132849041069,28.600884391805458,5
tinyfold_f_medium_esm_n2_k10,clean_400_600,3pjf.pdb1_0,504,30.078414916992188,17.401820288074724,18.522656968929354,0.016730405554981488,0,17.71297776979394,40.06512926231705,6
tinyfold_f_medium_esm_n2_k10,clean_400_600,3pjf.pdb1_0,504,25.23609161376953,16.24674247119729,16.356352070442778,0.06671863198242857,0,15.58000642385653,17.495092664315784,7
tinyfold_f_medium_esm_n2_k10,clean_400_600,3pjf.pdb1_0,504,30.78216552734375,15.725692271567613,14.4433912019862,0.01937534934454212,0,13.616210534271863,38.64947377760373,8
tinyfold_f_medium_esm_n2_k10,clean_400_600,3pjf.pdb1_0,504,30.344791412353516,16.281585924957184,16.005235679315085,0.03934656483291503,0,15.290827866818676,24.3638732649521,9
tinyfold_f_medium_esm_n2_k10,clean_400_600,3s5u.pdb1_1,421,48.8768310546875,22.035525962395873,26.042901117598774,0.025237830932238286,0,21.55024643293434,30.771829688732264,0
tinyfold_f_medium_esm_n2_k10,clean_400_600,3s5u.pdb1_1,421,51.974281311035156,21.62650383491311,22.897904335480604,0.009199092639689177,0,21.201746151085587,55.87734517258478,1
tinyfold_f_medium_esm_n2_k10,clean_400_600,3s5u.pdb1_1,421,56.90393829345703,22.34109251091852,25.916243132643405,0.02551573248472966,0,21.434757675720242,30.59065089857235,2
tinyfold_f_medium_esm_n2_k10,clean_400_600,3s5u.pdb1_1,421,56.62580871582031,23.078818285372805,29.006180863316764,0.009976183116634976,0,26.019569610533363,51.40297928288494,3
tinyfold_f_medium_esm_n2_k10,clean_400_600,3s5u.pdb1_1,421,37.74456787109375,23.328281869508206,26.44507533084012,0.006564825398743105,0,23.743355987509272,67.26100560725392,4
tinyfold_f_medium_esm_n2_k10,clean_400_600,3s5u.pdb1_1,421,45.95904541015625,22.657241863544932,26.25988491117402,0.020848698476823916,0,22.17761855127773,34.25790967607048,5
tinyfold_f_medium_esm_n2_k10,clean_400_600,3s5u.pdb1_1,421,55.83436584472656,25.758748214061587,31.725599806861204,0.005467127085130687,0,27.227497375072065,73.00283982973362,6
tinyfold_f_medium_esm_n2_k10,clean_400_600,3s5u.pdb1_1,421,56.3826904296875,20.844585090050018,23.210199135722334,0.015640074219846072,0,19.535855797517417,41.0779669897327,7
tinyfold_f_medium_esm_n2_k10,clean_400_600,3s5u.pdb1_1,421,36.35706329345703,26.002947947336565,32.25358427184114,0.005466953455277093,0,28.80805294951132,72.12915331386554,8
tinyfold_f_medium_esm_n2_k10,clean_400_600,3s5u.pdb1_1,421,36.45502853393555,25.053009770936445,30.18811486486624,0.012884200820162244,0,25.276013273000594,44.53792534748754,9
tinyfold_f_medium_esm_n2_k10,clean_400_600,3slb.pdb2_0,512,38.617610931396484,22.1343751561677,22.46193461978595,0.014673608645603126,0,20.63490072835817,42.32697188577997,0
tinyfold_f_medium_esm_n2_k10,clean_400_600,3slb.pdb2_0,512,39.19228744506836,21.2805073302029,23.3448744889147,0.008709765036213157,0,22.24761442618624,57.20171673174524,1
tinyfold_f_medium_esm_n2_k10,clean_400_600,3slb.pdb2_0,512,28.56285285949707,21.732356607939405,20.738871737977213,0.009002670027926317,0,19.438724051375793,57.91157065145641,2
tinyfold_f_medium_esm_n2_k10,clean_400_600,3slb.pdb2_0,512,36.906734466552734,20.968453484944295,22.696235978856336,0.012803599878762657,0,21.20390549542533,45.704444666300255,3
tinyfold_f_medium_esm_n2_k10,clean_400_600,3slb.pdb2_0,512,34.41668701171875,21.588380051798058,25.123172030051425,0.010217274579932524,0,21.784343876138188,52.09397293287749,4
tinyfold_f_medium_esm_n2_k10,clean_400_600,3slb.pdb2_0,512,32.96855926513672,21.415131532081645,24.115604616823234,0.010474042378147898,0,20.50544795041848,51.92304413509383,5
tinyfold_f_medium_esm_n2_k10,clean_400_600,3slb.pdb2_0,512,34.64463424682617,19.17069996249403,21.08104234515527,0.011802136900477966,0,20.539572303554582,48.249081587952354,6
tinyfold_f_medium_esm_n2_k10,clean_400_600,3slb.pdb2_0,512,37.890899658203125,20.8734327122057,21.4244748065277,0.011085265759719264,0,19.009434335350434,50.96048245512226,7
tinyfold_f_medium_esm_n2_k10,clean_400_600,3slb.pdb2_0,512,34.52459716796875,21.94389847367323,22.588810350336725,0.009475064551323567,0,21.436309219583237,54.72982101947282,8
tinyfold_f_medium_esm_n2_k10,clean_400_600,3slb.pdb2_0,512,32.96536636352539,21.257309819996692,24.71694174204051,0.012520161448766868,0,21.412773869016245,46.24684574564593,9
tinyfold_f_medium_esm_n2_k10,clean_400_600,3sll.pdb1_2,522,39.723602294921875,19.300552794074274,28.82367350479909,0.011036861572053643,0,24.255120606148548,48.92408236580977,0
tinyfold_f_medium_esm_n2_k10,clean_400_600,3sll.pdb1_2,522,38.90258026123047,19.60430739927098,27.798509796157035,0.006877794466680568,0,23.39842452199263,65.54245312053625,1
tinyfold_f_medium_esm_n2_k10,clean_400_600,3sll.pdb1_2,522,33.16525650024414,19.63046029234133,27.476817330299465,0.017103875080380884,0,22.44806708578703,38.33229485337346,2
tinyfold_f_medium_esm_n2_k10,clean_400_600,3sll.pdb1_2,522,33.63368225097656,19.87701879302751,28.680180019318957,0.007448191615740604,0,24.06440146547174,61.95644018800007,3
tinyfold_f_medium_esm_n2_k10,clean_400_600,3sll.pdb1_2,522,31.71368980407715,19.927083116013588,27.996641498495684,0.009276069699830657,0,23.426064867170737,54.50231337715436,4
tinyfold_f_medium_esm_n2_k10,clean_400_600,3sll.pdb1_2,522,39.4049186706543,20.706404497690986,30.789079762814787,0.009043328345699337,0,25.662749527971393,54.52559440035054,5
tinyfold_f_medium_esm_n2_k10,clean_400_600,3sll.pdb1_2,522,30.343563079833984,19.579603148324676,27.87153067994867,0.010465092399399792,0,23.432497403406312,50.72365654142742,6
tinyfold_f_medium_esm_n2_k10,clean_400_600,3sll.pdb1_2,522,27.151342391967773,19.40052422184175,25.374612774354762,0.02235591150099792,0,21.035165712447423,33.059242378048786,7
tinyfold_f_medium_esm_n2_k10,clean_400_600,3sll.pdb1_2,522,36.8502311706543,19.510940320715676,27.41723685463931,0.007055104328966583,0,22.660773703384773,65.02016872282933,8
tinyfold_f_medium_esm_n2_k10,clean_400_600,3sll.pdb1_2,522,30.423097610473633,20.09673114968213,26.089393340086815,0.007221612239437095,0,22.518172194382615,64.16263890122687,9
tinyfold_f_medium_esm_n2_k10,clean_400_600,3tnp.pdb1_1,540,50.32818603515625,32.56029717516475,27.24691790525063,0.0036176296771624743,0,24.12119829475439,101.23319104872377,0
tinyfold_f_medium_esm_n2_k10,clean_400_600,3tnp.pdb1_1,540,63.78598403930664,25.524008015492562,26.317437160005824,0.0031477971464437364,0,27.924708330850144,104.5509698431291,1
tinyfold_f_medium_esm_n2_k10,clean_400_600,3tnp.pdb1_1,540,51.62560272216797,33.59517945198108,33.6870810071209,0.005267117004497942,0,25.628024923459897,75.89680837053251,2
tinyfold_f_medium_esm_n2_k10,clean_400_600,3tnp.pdb1_1,540,68.9438705444336,25.961462666686263,26.796209613388193,0.006119023687547452,0,20.93856235987322,73.34893516956643,3
tinyfold_f_medium_esm_n2_k10,clean_400_600,3tnp.pdb1_1,540,39.50538635253906,27.22773689863251,26.934589593247157,0.005654826539706777,0,19.08400558096351,81.25538915531946,4
tinyfold_f_medium_esm_n2_k10,clean_400_600,3tnp.pdb1_1,540,66.82756042480469,21.87003979947299,17.443750963195136,0.02633850979802602,0,19.48958220756565,30.261497040381197,5
tinyfold_f_medium_esm_n2_k10,clean_400_600,3tnp.pdb1_1,540,64.69727325439453,26.625218411413982,24.242631011186045,0.010576306788316683,0,20.719309278312306,51.50358601210678,6
tinyfold_f_medium_esm_n2_k10,clean_400_600,3tnp.pdb1_1,540,58.44953536987305,27.253173114579223,29.859110635230298,0.007474370322433715,0,24.424744795350776,61.63184334889987,7
tinyfold_f_medium_esm_n2_k10,clean_400_600,3tnp.pdb1_1,540,42.997318267822266,25.056490795503144,27.031144495443577,0.004390833421532841,0,18.28368962322734,105.19321343498248,8
tinyfold_f_medium_esm_n2_k10,clean_400_600,3tnp.pdb1_1,540,58.19247055053711,26.014634377896286,32.72602036109935,0.00768207875980664,0,23.118469849429875,61.31734298651505,9
tinyfold_f_medium_esm_n2_k10,clean_400_600,4dmf.pdb1_0,586,41.341026306152344,17.15231974811553,20.474063326551295,0.017299148760108237,0,15.815427100619193,40.10831444723943,0
tinyfold_f_medium_esm_n2_k10,clean_400_600,4dmf.pdb1_0,586,26.191699981689453,17.97423947337175,19.379388868669363,0.02778159054564205,0.038461538461538464,16.179902624387424,43.757591674339494,1
tinyfold_f_medium_esm_n2_k10,clean_400_600,4dmf.pdb1_0,586,37.746925354003906,17.154705506730405,21.208383018504687,0.09009515536835921,0.15384615384615385,14.224518372877899,24.758105821345087,2
tinyfold_f_medium_esm_n2_k10,clean_400_600,4dmf.pdb1_0,586,33.42218017578125,16.397099267634765,18.313109054815246,0.053600013149147724,0,15.148079451849513,20.148012792214917,3
tinyfold_f_medium_esm_n2_k10,clean_400_600,4dmf.pdb1_0,586,38.18439865112305,20.643854831373016,26.445428681402134,0.016026154535434753,0,19.32324798835854,40.55076687847708,4
tinyfold_f_medium_esm_n2_k10,clean_400_600,4dmf.pdb1_0,586,30.682302474975586,16.68799989931456,18.80134631121869,0.0191751272487888,0,14.337645698019315,38.40449743742914,5
tinyfold_f_medium_esm_n2_k10,clean_400_600,4dmf.pdb1_0,586,43.73042297363281,23.246872369744246,27.083299731228294,0.00721465685614859,0,20.864919143199973,65.61971232557428,6
tinyfold_f_medium_esm_n2_k10,clean_400_600,4dmf.pdb1_0,586,44.957275390625,18.186674280089274,22.02415247937824,0.016309134949628625,0,17.509016041904864,40.77741754415017,7
tinyfold_f_medium_esm_n2_k10,clean_400_600,4dmf.pdb1_0,586,43.95673370361328,19.953520907395173,21.96253388581892,0.01972302492716609,0,14.903358186236844,37.3901380617235,8
tinyfold_f_medium_esm_n2_k10,clean_400_600,4dmf.pdb1_0,586,41.094974517822266,19.494219764223566,25.24979298070378,0.013621299904163121,0,17.700934004472245,45.491814935317926,9
tinyfold_f_medium_esm_n2_k10,clean_400_600,4dmm.pdb2_0,477,30.93584442138672,16.426519689969485,16.735399328085805,0.016426044022577864,0,16.58592135492935,41.02271986305979,0
tinyfold_f_medium_esm_n2_k10,clean_400_600,4dmm.pdb2_0,477,36.11960983276367,17.109399563655845,18.7554772461423,0.022006935306235393,0,17.244247109505235,34.09629729826212,1
tinyfold_f_medium_esm_n2_k10,clean_400_600,4dmm.pdb2_0,477,26.639142990112305,15.053878481674152,13.945701704637862,0.02401640161662652,0,14.83877279416906,33.080400474746675,2
tinyfold_f_medium_esm_n2_k10,clean_400_600,4dmm.pdb2_0,477,34.35856246948242,16.326622423059323,16.121635576983483,0.01671931328098546,0,16.65320961271219,40.53996699617099,3
tinyfold_f_medium_esm_n2_k10,clean_400_600,4dmm.pdb2_0,477,28.106252670288086,15.053509368277151,13.051311117226406,0.023527391179166118,0,13.883680153470594,33.93245665897143,4
tinyfold_f_medium_esm_n2_k10,clean_400_600,4dmm.pdb2_0,477,29.70160484313965,17.09594026503103,17.7222592275354,0.014354911873280475,0,16.301077845328333,44.85285218529718,5
tinyfold_f_medium_esm_n2_k10,clean_400_600,4dmm.pdb2_0,477,27.020631790161133,16.431763550883463,14.096978328688746,0.01916210676233732,0,15.844387410088416,37.60680816078645,6
tinyfold_f_medium_esm_n2_k10,clean_400_600,4dmm.pdb2_0,477,29.367416381835938,16.180250900111993,16.497316194077214,0.04644258144963439,0,16.468383768678237,21.882800372348964,7
tinyfold_f_medium_esm_n2_k10,clean_400_600,4dmm.pdb2_0,477,29.36532974243164,16.46652344924948,15.240179521610484,0.04057438045491769,0,15.655280957331714,23.859006519865385,8
tinyfold_f_medium_esm_n2_k10,clean_400_600,4dmm.pdb2_0,477,40.81758499145508,14.601291497202153,15.694047814499681,0.030065357214320385,0,15.274517242146601,28.699450349371023,9
tinyfold_f_medium_esm_n2_k10,clean_400_600,4j3f.pdb5_3,518,36.40456771850586,17.716589445175487,18.701434563800373,0.009340303856601874,0,16.888966786431183,59.20693395196443,0
tinyfold_f_medium_esm_n2_k10,clean_400_600,4j3f.pdb5_3,518,46.20870590209961,16.20148502757184,18.153064270216305,0.022871907995883945,0,15.518115418581784,33.83672162151202,1
tinyfold_f_medium_esm_n2_k10,clean_400_600,4j3f.pdb5_3,518,28.48590850830078,17.116965195557007,19.19236933209091,0.03933475683014716,0,16.412133959363253,24.212448971707282,2
tinyfold_f_medium_esm_n2_k10,clean_400_600,4j3f.pdb5_3,518,44.8729362487793,16.447671273814393,19.68168098399652,0.02913825866879757,0,15.108899635119746,29.29423068825661,3
tinyfold_f_medium_esm_n2_k10,clean_400_600,4j3f.pdb5_3,518,37.87540054321289,21.032349897079328,25.422093959599874,0.006936960121079846,0,20.773454136188107,67.46886112783486,4
tinyfold_f_medium_esm_n2_k10,clean_400_600,4j3f.pdb5_3,518,34.507240295410156,16.55290376903686,18.21359195577192,0.015991071635741767,0,14.60094367109057,43.04543801557492,5
tinyfold_f_medium_esm_n2_k10,clean_400_600,4j3f.pdb5_3,518,46.146156311035156,20.504166152420073,23.451853167067107,0.007141924346086746,0,19.888555950777857,67.15141158384314,6
tinyfold_f_medium_esm_n2_k10,clean_400_600,4j3f.pdb5_3,518,33.29560470581055,16.935039268908998,18.63394072199904,0.025892190943660257,0,15.748104470710022,31.299256306542876,7
tinyfold_f_medium_esm_n2_k10,clean_400_600,4j3f.pdb5_3,518,37.40499496459961,18.632452684818613,19.93744887215173,0.015431375170016921,0,18.739915467957676,41.68040418646055,8
tinyfold_f_medium_esm_n2_k10,clean_400_600,4j3f.pdb5_3,518,44.563621520996094,15.103287305417954,14.58535006983177,0.026710590151857425,0,12.931877200370584,31.755765449722354,9
tinyfold_f_medium_esm_n2_k10,clean_600_1000,1ebu.pdb2_0,716,32.959938049316406,21.27861141058674,21.02453645955083,0.025606386542163573,0,19.973963936464777,30.697537832827976,0
tinyfold_f_medium_esm_n2_k10,clean_600_1000,1ebu.pdb2_0,716,34.34885787963867,21.379543625089465,21.605020814302488,0.012011208157442837,0,20.48957358507795,47.759359960763,1
tinyfold_f_medium_esm_n2_k10,clean_600_1000,1ebu.pdb2_0,716,41.40973663330078,20.808284718173944,23.661526288008822,0.008824039044561898,0,22.145460655316548,56.79838714674975,2
tinyfold_f_medium_esm_n2_k10,clean_600_1000,1ebu.pdb2_0,716,40.120094299316406,22.347257913024922,22.65820421993413,0.009347697995536622,0,20.989713568337848,55.44594518034065,3
tinyfold_f_medium_esm_n2_k10,clean_600_1000,1ebu.pdb2_0,716,34.428924560546875,20.141479593145082,21.20829897449042,0.02049705371197376,0,20.011314013514607,34.930590093808554,4
tinyfold_f_medium_esm_n2_k10,clean_600_1000,1ebu.pdb2_0,716,37.78828430175781,21.284199727425257,22.452724114748868,0.009718811697615588,0,20.745575319539515,54.256216980228054,5
tinyfold_f_medium_esm_n2_k10,clean_600_1000,1ebu.pdb2_0,716,39.3217658996582,22.72320116561487,24.481384444459824,0.007957990675731845,0,22.657278078196185,60.25738084731373,6
tinyfold_f_medium_esm_n2_k10,clean_600_1000,1ebu.pdb2_0,716,39.990150451660156,22.596942466192726,23.486329513352917,0.019245652269530154,0,23.13080857141829,35.73479753773413,7
tinyfold_f_medium_esm_n2_k10,clean_600_1000,1ebu.pdb2_0,716,29.520700454711914,20.722676645101508,21.772243850989177,0.015854277317571976,0,20.156817177287078,40.56744230506258,8
tinyfold_f_medium_esm_n2_k10,clean_600_1000,1ebu.pdb2_0,716,32.9854621887207,23.30026053525946,17.653015610228056,0.0170999413705233,0,16.947253274475834,39.84532852333736,9
tinyfold_f_medium_esm_n2_k10,clean_600_1000,1ed9.pdb1_0,898,41.255882263183594,21.97698598566535,25.79575057475523,0.008203549183894036,0,23.627229067448614,58.61445085327282,0
tinyfold_f_medium_esm_n2_k10,clean_600_1000,1ed9.pdb1_0,898,38.83381652832031,24.691909257581035,25.68354099632661,0.01370703995487878,0,22.55281481172331,43.5374097348775,1
tinyfold_f_medium_esm_n2_k10,clean_600_1000,1ed9.pdb1_0,898,42.41767120361328,22.024297303267957,23.87549979261968,0.03168956403543382,0,19.10082486016501,27.204790120716783,2
tinyfold_f_medium_esm_n2_k10,clean_600_1000,1ed9.pdb1_0,898,37.42253875732422,23.90879689689692,26.04250804827702,0.009515767987027546,0,23.85369171118478,53.513734954553414,3
tinyfold_f_medium_esm_n2_k10,clean_600_1000,1ed9.pdb1_0,898,34.52170944213867,21.658917403759567,24.044357138074783,0.01605219764847487,0,22.629449485145425,39.72365610563388,4
tinyfold_f_medium_esm_n2_k10,clean_600_1000,1ed9.pdb1_0,898,31.527830123901367,22.24056431735705,23.586597715304787,0.013789025679434406,0,21.62445997863334,43.622866904665756,5
tinyfold_f_medium_esm_n2_k10,clean_600_1000,1ed9.pdb1_0,898,37.357032775878906,21.156796768829288,21.815754147632116,0.03173616871330288,0,20.73289433403637,27.028044187580253,6
tinyfold_f_medium_esm_n2_k10,clean_600_1000,1ed9.pdb1_0,898,37.544612884521484,26.448177272692515,22.77352099883185,0.011025649510595448,0,22.242200193589696,49.58270744428513,7
tinyfold_f_medium_esm_n2_k10,clean_600_1000,1ed9.pdb1_0,898,29.642744064331055,20.63747394000344,22.233218798671665,0.03798704555510049,0,20.856811044458272,24.32526298736011,8
tinyfold_f_medium_esm_n2_k10,clean_600_1000,1ed9.pdb1_0,898,46.38358688354492,21.18784098286846,22.86544830675707,0.021866840256013598,0,21.3030164862789,33.44662183301396,9
tinyfold_f_medium_esm_n2_k10,clean_600_1000,1nql.pdb1_0,660,48.41434860229492,27.86722992513334,28.03525527375514,0.020369790479915665,0,14.89355178754052,36.64064158837134,0
tinyfold_f_medium_esm_n2_k10,clean_600_1000,1nql.pdb1_0,660,40.30100631713867,25.87773864586002,23.58866991346416,0.05182854994572475,0,15.707538707723163,20.52064677765243,1
tinyfold_f_medium_esm_n2_k10,clean_600_1000,1nql.pdb1_0,660,39.49490737915039,30.537021033030584,20.44454499654305,0.01883289534732682,0,17.046687101990493,37.520911866733705,2
tinyfold_f_medium_esm_n2_k10,clean_600_1000,1nql.pdb1_0,660,47.09046173095703,31.460461753365895,45.4277961260301,0.0079394530176544,0,25.760332289885145,58.84407707578598,3
tinyfold_f_medium_esm_n2_k10,clean_600_1000,1nql.pdb1_0,660,42.109622955322266,26.177689309776163,25.334083108728596,0.021661566221093664,0,15.085373152978772,35.1676055156137,4
tinyfold_f_medium_esm_n2_k10,clean_600_1000,1nql.pdb1_0,660,49.66940689086914,28.09598609620283,38.46735209669761,0.009542500838017146,0,22.51188463754154,53.96645038287291,5
tinyfold_f_medium_esm_n2_k10,clean_600_1000,1nql.pdb1_0,660,48.39495086669922,25.004841440765606,25.944421584483,0.021545808126972068,0,16.62590445656054,34.71423665767779,6
tinyfold_f_medium_esm_n2_k10,clean_600_1000,1nql.pdb1_0,660,36.43476104736328,26.919095278412584,24.066872613182905,0.044104688033994276,0.0625,16.34782563367201,33.21460095796538,7
tinyfold_f_medium_esm_n2_k10,clean_600_1000,1nql.pdb1_0,660,45.731170654296875,24.202149840191584,21.931606005669384,0.0327179677683426,0,16.644897433910106,27.012098827616423,8
tinyfold_f_medium_esm_n2_k10,clean_600_1000,1nql.pdb1_0,660,47.646507263183594,27.48541334057449,23.92385433191086,0.04345867887985871,0,20.447819505101375,22.486468053566984,9
tinyfold_f_medium_esm_n2_k10,clean_600_1000,1nqo.pdb1_0,668,35.67273712158203,21.725058319864115,19.77205089601107,0.0,0.0,inf,inf,0
tinyfold_f_medium_esm_n2_k10,clean_600_1000,1nqo.pdb1_0,668,36.42706298828125,22.040166130794393,18.66460304319872,0.0,0.0,inf,inf,1
tinyfold_f_medium_esm_n2_k10,clean_600_1000,1nqo.pdb1_0,668,40.42264175415039,17.934357106967145,14.965904887004035,0.0,0.0,inf,inf,2
tinyfold_f_medium_esm_n2_k10,clean_600_1000,1nqo.pdb1_0,668,41.389896392822266,21.15763680923832,19.960377542910805,0.0,0.0,inf,inf,3
tinyfold_f_medium_esm_n2_k10,clean_600_1000,1nqo.pdb1_0,668,37.948604583740234,23.028910019961316,16.769077662204367,0.0,0.0,inf,inf,4
tinyfold_f_medium_esm_n2_k10,clean_600_1000,1nqo.pdb1_0,668,29.58736228942871,18.92580682794547,18.682163178430038,0.0,0.0,inf,inf,5
tinyfold_f_medium_esm_n2_k10,clean_600_1000,1nqo.pdb1_0,668,35.04214096069336,19.78055693260614,16.926927824788148,0.0,0.0,inf,inf,6
tinyfold_f_medium_esm_n2_k10,clean_600_1000,1nqo.pdb1_0,668,44.05174255371094,18.767737117617607,16.617702228880546,0.0,0.0,inf,inf,7
tinyfold_f_medium_esm_n2_k10,clean_600_1000,1nqo.pdb1_0,668,31.2305965423584,19.781593699090926,19.371512733173137,0.0,0.0,inf,inf,8
tinyfold_f_medium_esm_n2_k10,clean_600_1000,1nqo.pdb1_0,668,34.912391662597656,18.61378159121924,19.287350353454165,0.0,0.0,inf,inf,9
tinyfold_f_medium_esm_n2_k10,clean_600_1000,1p73.pdb2_0,643,36.97296142578125,18.89731224195424,18.715208114166202,0.023073391406075696,0,17.338319133604767,33.121152721345524,0
tinyfold_f_medium_esm_n2_k10,clean_600_1000,1p73.pdb2_0,643,36.10874938964844,20.607338231671424,19.77532953312391,0.008896766808176663,0,19.028662903626056,58.733348032745816,1
tinyfold_f_medium_esm_n2_k10,clean_600_1000,1p73.pdb2_0,643,35.377418518066406,19.405039479801523,19.631430133130138,0.012674199151967673,0,18.71310802185859,47.02521003718961,2
tinyfold_f_medium_esm_n2_k10,clean_600_1000,1p73.pdb2_0,643,36.828468322753906,20.15118588320734,20.28091784657309,0.021947359703201566,0,18.917674152315747,33.76557594923791,3
tinyfold_f_medium_esm_n2_k10,clean_600_1000,1p73.pdb2_0,643,26.800315856933594,20.76950867526058,18.9789233150652,0.010375504647162881,0,17.91570723437346,54.01449850638159,4
tinyfold_f_medium_esm_n2_k10,clean_600_1000,1p73.pdb2_0,643,37.35856246948242,20.82349097113123,20.874978869102,0.008693920371191995,0,19.701998662406318,59.02189875570513,5
tinyfold_f_medium_esm_n2_k10,clean_600_1000,1p73.pdb2_0,643,31.59345245361328,20.628192713631023,20.063220137908786,0.03383734834338643,0,19.287105697642996,26.15903854718162,6
tinyfold_f_medium_esm_n2_k10,clean_600_1000,1p73.pdb2_0,643,29.29557991027832,19.72365708924515,20.714070312890453,0.031063438783849665,0,20.088646319189852,27.424278277428833,7
tinyfold_f_medium_esm_n2_k10,clean_600_1000,1p73.pdb2_0,643,26.59341049194336,19.814653193228658,20.271882100916663,0.012232631462735772,0,19.088444678663947,47.873742632424786,8
tinyfold_f_medium_esm_n2_k10,clean_600_1000,1p73.pdb2_0,643,36.79140853881836,20.534628433731786,21.50256294649945,0.010631880818565288,0,20.28749894164185,51.55991449879478,9
tinyfold_f_medium_esm_n2_k10,clean_600_1000,1tny.pdb5_0,660,38.21871566772461,24.18919791614832,23.88496838910756,0.011111387503368703,0,23.077172812813696,49.07406559946495,0
tinyfold_f_medium_esm_n2_k10,clean_600_1000,1tny.pdb5_0,660,43.1321907043457,20.91035068671014,20.85786604126935,0.014516639122383337,0,19.31543678373971,43.029991461851424,1
tinyfold_f_medium_esm_n2_k10,clean_600_1000,1tny.pdb5_0,660,35.5400390625,19.565979757832483,19.701817437887627,0.02336029934235623,0,18.09447464044005,32.70993486349194,2
tinyfold_f_medium_esm_n2_k10,clean_600_1000,1tny.pdb5_0,660,34.599544525146484,20.11489455789493,21.346583738811972,0.01153536378898728,0,18.960703062375845,49.7290337616311,3
tinyfold_f_medium_esm_n2_k10,clean_600_1000,1tny.pdb5_0,660,35.487979888916016,20.409978195472306,22.057716640759402,0.010027984914827924,0,20.252474788316782,53.49179715301436,4
tinyfold_f_medium_esm_n2_k10,clean_600_1000,1tny.pdb5_0,660,41.09011459350586,20.299665434049047,17.608442832549937,0.020198488100006264,0,16.95929548242737,35.98970246223305,5
tinyfold_f_medium_esm_n2_k10,clean_600_1000,1tny.pdb5_0,660,36.28710174560547,19.206336284525566,19.739482571176787,0.019439654292515957,0,18.671841066416665,36.32728641334014,6
tinyfold_f_medium_esm_n2_k10,clean_600_1000,1tny.pdb5_0,660,41.49814987182617,23.603197493164238,21.725622293728854,0.010362462740765745,0,22.245886172573222,51.457382597890046,7
tinyfold_f_medium_esm_n2_k10,clean_600_1000,1tny.pdb5_0,660,35.02333450317383,16.51678786661954,15.220107022888685,0.03412039345065928,0.02702702702702703,14.267766708065015,32.39761747464525,8
tinyfold_f_medium_esm_n2_k10,clean_600_1000,1tny.pdb5_0,660,37.58287048339844,19.844654424942235,20.82484328642746,0.011561476142538886,0,19.349519360592158,49.43912277808819,9
tinyfold_f_medium_esm_n2_k10,clean_600_1000,2aq7.pdb1_0,807,37.80392074584961,18.64386419027313,20.096823810652666,0.01111485872032023,0,19.37786970018592,50.65312647274618,0
tinyfold_f_medium_esm_n2_k10,clean_600_1000,2aq7.pdb1_0,807,29.21328353881836,17.359299833507436,17.887683152467993,0.03153180480396125,0,17.77906926977513,27.444557751835948,1
tinyfold_f_medium_esm_n2_k10,clean_600_1000,2aq7.pdb1_0,807,35.782386779785156,21.1460121657765,21.517436387337963,0.019604777309865335,0,21.07831366356525,35.6552227217221,2
tinyfold_f_medium_esm_n2_k10,clean_600_1000,2aq7.pdb1_0,807,35.62290573120117,19.027130061360396,20.90308746553251,0.02887651460762102,0,20.088244781588507,28.61455546718081,3
tinyfold_f_medium_esm_n2_k10,clean_600_1000,2aq7.pdb1_0,807,33.218692779541016,19.162160195637327,20.392102230037022,0.01940585649003217,0,19.62891415319078,36.14217567597518,4
tinyfold_f_medium_esm_n2_k10,clean_600_1000,2aq7.pdb1_0,807,26.44559669494629,19.044592751122565,21.18938718085815,0.02832870039405515,0,20.88682983648499,28.853317297057284,5
tinyfold_f_medium_esm_n2_k10,clean_600_1000,2aq7.pdb1_0,807,30.54941749572754,17.597279944715034,17.96572772834818,0.017545107076168385,0,18.288035896302382,38.73000677388703,6
tinyfold_f_medium_esm_n2_k10,clean_600_1000,2aq7.pdb1_0,807,32.98076629638672,19.550565582531313,22.454248176134698,0.013033027705257022,0,21.687534215419284,45.07573711668954,7
tinyfold_f_medium_esm_n2_k10,clean_600_1000,2aq7.pdb1_0,807,33.494808197021484,18.1533411655156,17.87982684982439,0.03150483505791691,0,18.291002839927422,27.392016378122023,8
tinyfold_f_medium_esm_n2_k10,clean_600_1000,2aq7.pdb1_0,807,34.02151107788086,17.74730368303435,19.046609958652677,0.03862816631064286,0,18.365235447439126,24.269949632825792,9
tinyfold_f_medium_esm_n2_k10,clean_600_1000,2b24.pdb1_3,880,42.23085403442383,24.841962373296894,30.473873254901516,0.004499733885113079,0,23.37594505158934,87.2648715835874,0
tinyfold_f_medium_esm_n2_k10,clean_600_1000,2b24.pdb1_3,880,36.038761138916016,24.797581483140505,24.762486487790493,0.005421120722875691,0,19.559393738159578,82.84853847053999,1
tinyfold_f_medium_esm_n2_k10,clean_600_1000,2b24.pdb1_3,880,54.47280502319336,22.30822566981548,24.237450842941882,0.020226416621309678,0,19.828339540831355,35.237043022851935,2
tinyfold_f_medium_esm_n2_k10,clean_600_1000,2b24.pdb1_3,880,48.390296936035156,25.28669944280624,27.23266586127398,0.007923196725051864,0,22.604170485092542,60.45491458469842,3
tinyfold_f_medium_esm_n2_k10,clean_600_1000,2b24.pdb1_3,880,40.56943893432617,22.318007086652717,23.361115053308012,0.01490746590344782,0,20.395283123459688,42.002262097496825,4
tinyfold_f_medium_esm_n2_k10,clean_600_1000,2b24.pdb1_3,880,54.075809478759766,23.647655246431086,27.545982164553863,0.0206829495893347,0,23.500351333205444,34.25824567920905,5
tinyfold_f_medium_esm_n2_k10,clean_600_1000,2b24.pdb1_3,880,48.51897048950195,22.370381254130596,20.13430811871058,0.023288161294543308,0,18.560505118676502,32.67690571188479,6
tinyfold_f_medium_esm_n2_k10,clean_600_1000,2b24.pdb1_3,880,40.19755935668945,25.10460350642493,25.99704625664655,0.011158114133822292,0,20.620673078324213,49.88820794439713,7
tinyfold_f_medium_esm_n2_k10,clean_600_1000,2b24.pdb1_3,880,32.96708679199219,24.968836170221717,28.670455355198115,0.005554835761312781,0,22.063332271408157,76.92080398193504,8
tinyfold_f_medium_esm_n2_k10,clean_600_1000,2b24.pdb1_3,880,42.19384765625,24.836595848241007,27.336752023224296,0.006471524772318907,0,21.520171796536896,69.88042750103403,9
tinyfold_f_medium_esm_n2_k10,clean_600_1000,2hmf.pdb1_1,928,48.075653076171875,26.361355130284938,21.09004454980666,0.005818731396777142,0,18.85417727756377,79.98734830589535,0
tinyfold_f_medium_esm_n2_k10,clean_600_1000,2hmf.pdb1_1,928,54.17293930053711,24.57136765051623,16.060636775137926,0.0065876995575185416,0,14.133084934378969,91.13384974587824,1
tinyfold_f_medium_esm_n2_k10,clean_600_1000,2hmf.pdb1_1,928,41.78997802734375,22.098566760855448,15.395656133140928,0.025835332900851507,0,13.480587883873026,32.16498024773658,2
tinyfold_f_medium_esm_n2_k10,clean_600_1000,2hmf.pdb1_1,928,37.57085418701172,24.169137702028422,29.104743599613368,0.02402657793816056,0,23.034348533476123,31.503792704075796,3
tinyfold_f_medium_esm_n2_k10,clean_600_1000,2hmf.pdb1_1,928,46.60668182373047,29.98849282383596,34.11893770500126,0.009000285906989125,0,29.29719053649523,53.763144318028935,4
tinyfold_f_medium_esm_n2_k10,clean_600_1000,2hmf.pdb1_1,928,36.134498596191406,25.288484882561683,17.764771557071224,0.007924134963918307,0,13.647950467796823,77.66230766285146,5
tinyfold_f_medium_esm_n2_k10,clean_600_1000,2hmf.pdb1_1,928,53.05211639404297,24.85573094099534,21.055352254158986,0.010668689835348383,0,15.870148966361917,55.21297024959197,6
tinyfold_f_medium_esm_n2_k10,clean_600_1000,2hmf.pdb1_1,928,37.08971405029297,23.056227081382346,18.462643638255454,0.011064303536621014,0,13.849348304004707,57.209545049054775,7
tinyfold_f_medium_esm_n2_k10,clean_600_1000,2hmf.pdb1_1,928,45.48580551147461,26.1061304491135,18.397257004191424,0.010910069163645146,0,10.248437219592509,77.9291333513484,8
tinyfold_f_medium_esm_n2_k10,clean_600_1000,2hmf.pdb1_1,928,50.094329833984375,26.108472939338142,21.2717276908248,0.009177394865906829,0,16.73330471345397,60.17802281752279,9
tinyfold_f_medium_esm_n2_k10,clean_600_1000,2j3j.pdb1_0,681,43.3255500793457,22.682034248828952,22.592020027891518,0.005181986006540058,0,20.079254782528196,84.58996975783212,0
tinyfold_f_medium_esm_n2_k10,clean_600_1000,2j3j.pdb1_0,681,41.049949645996094,19.276734995785752,20.097852950947285,0.01006829556445332,0,17.876915673772984,55.13742132757717,1
tinyfold_f_medium_esm_n2_k10,clean_600_1000,2j3j.pdb1_0,681,42.0130615234375,22.549175176169086,20.09010142573751,0.021724053772441045,0,17.801907583545884,34.21720649106358,2
tinyfold_f_medium_esm_n2_k10,clean_600_1000,2j3j.pdb1_0,681,52.33759307861328,20.138118272131404,19.933791658021892,0.011957652117305324,0,17.5246137941425,49.5376659976281,3
tinyfold_f_medium_esm_n2_k10,clean_600_1000,2j3j.pdb1_0,681,40.85846710205078,20.658624334111142,18.688798052902467,0.005792958949668143,0,18.18948752558972,82.02559475971219,4
tinyfold_f_medium_esm_n2_k10,clean_600_1000,2j3j.pdb1_0,681,39.17205810546875,21.905604996477287,21.952869449408038,0.007197102082472424,0,19.531815036074583,67.24188793955443,5
tinyfold_f_medium_esm_n2_k10,clean_600_1000,2j3j.pdb1_0,681,47.042171478271484,19.730601896997655,21.06552289074789,0.01255154067706722,0,19.376782987828797,46.97975732292877,6
tinyfold_f_medium_esm_n2_k10,clean_600_1000,2j3j.pdb1_0,681,39.59743881225586,23.29912834463139,24.05826301949079,0.005856750014780845,0,20.60718466634362,76.16983475594857,7
tinyfold_f_medium_esm_n2_k10,clean_600_1000,2j3j.pdb1_0,681,44.441043853759766,22.93696638192452,23.22724388368853,0.0056612353504432965,0,20.67269569362997,77.96518206837817,8
tinyfold_f_medium_esm_n2_k10,clean_600_1000,2j3j.pdb1_0,681,43.348182678222656,20.086180801132585,20.597805670643808,0.020938234568972893,0,18.25558658829671,34.86302967971459,9
tinyfold_f_medium_esm_n2_k10,clean_600_1000,2nqr.pdb1_0,807,43.235137939453125,32.34365688525884,31.78710353907925,0.010798393370498772,0,31.296471233827862,48.247492329151044,0
tinyfold_f_medium_esm_n2_k10,clean_600_1000,2nqr.pdb1_0,807,42.27992248535156,31.534986805830744,30.64588057022236,0.00957029453146468,0,28.79170736851923,52.020854626457236,1
tinyfold_f_medium_esm_n2_k10,clean_600_1000,2nqr.pdb1_0,807,45.02264404296875,31.502398452457058,30.62073540598474,0.012908841417343506,0,29.841800038099056,43.85496823609423,2
tinyfold_f_medium_esm_n2_k10,clean_600_1000,2nqr.pdb1_0,807,44.429874420166016,31.55980443910295,32.01285402168225,0.010069473861845379,0,30.148228039723747,50.322765220540965,3
tinyfold_f_medium_esm_n2_k10,clean_600_1000,2nqr.pdb1_0,807,40.998924255371094,29.831151058272766,28.446064358743904,0.008230349181754757,0,27.132241363588765,57.147744371274754,4
tinyfold_f_medium_esm_n2_k10,clean_600_1000,2nqr.pdb1_0,807,45.12638854980469,28.875749151054272,28.769601448743074,0.01784072662593739,0,27.416711784410698,36.842542072006154,5
tinyfold_f_medium_esm_n2_k10,clean_600_1000,2nqr.pdb1_0,807,45.33466339111328,30.230386861249094,31.49147337100587,0.0087418202581159,0,29.14230368886409,54.69350489896176,6
tinyfold_f_medium_esm_n2_k10,clean_600_1000,2nqr.pdb1_0,807,41.859397888183594,29.3784900916752,29.56624443217098,0.009421520415689656,0,27.77900266396599,52.69752036192296,7
tinyfold_f_medium_esm_n2_k10,clean_600_1000,2nqr.pdb1_0,807,43.575504302978516,32.661847931190415,29.67921689194905,0.012288964919243908,0,28.815210616048294,45.19429145704101,8
tinyfold_f_medium_esm_n2_k10,clean_600_1000,2nqr.pdb1_0,807,39.35311508178711,32.182134508087415,27.92327411354709,0.010733443071747983,0,27.06348511486464,49.06473883008061,9
tinyfold_f_medium_esm_n2_k10,clean_600_1000,3a9w.pdb1_0,624,42.189353942871094,23.003022428979055,17.60272110123624,0.00807595345498993,0,17.930188406509448,64.10459160659667,0
tinyfold_f_medium_esm_n2_k10,clean_600_1000,3a9w.pdb1_0,624,30.95252227783203,20.630908086040865,19.247459246298426,0.008561328138351637,0,17.369700323018524,62.28811373010918,1
tinyfold_f_medium_esm_n2_k10,clean_600_1000,3a9w.pdb1_0,624,40.26655960083008,19.55662399094327,15.412968390733568,0.015256103123625528,0,14.249991339524069,44.75867792501773,2
tinyfold_f_medium_esm_n2_k10,clean_600_1000,3a9w.pdb1_0,624,41.21745300292969,18.039588105184862,17.902950123538236,0.02810228978038282,0,15.3609093359877,29.880894311624267,3
tinyfold_f_medium_esm_n2_k10,clean_600_1000,3a9w.pdb1_0,624,35.050785064697266,18.223972511748908,15.182947076709548,0.013352569430495983,0,16.265250497768275,47.03570349120571,4
tinyfold_f_medium_esm_n2_k10,clean_600_1000,3a9w.pdb1_0,624,38.00253677368164,20.445134066534695,15.701247553446608,0.0366663873828344,0,13.522727580979941,25.81020274104759,5
tinyfold_f_medium_esm_n2_k10,clean_600_1000,3a9w.pdb1_0,624,34.67807388305664,19.29278901658184,15.914427616184792,0.011718734439994993,0,15.6800931191957,51.934955434417375,6
tinyfold_f_medium_esm_n2_k10,clean_600_1000,3a9w.pdb1_0,624,30.164749145507812,20.33108850380171,17.1039345135229,0.018824649337613266,0,16.866511906766583,37.59728010479371,7
tinyfold_f_medium_esm_n2_k10,clean_600_1000,3a9w.pdb1_0,624,33.22117233276367,19.217776544773375,17.2265187062734,0.025203088922553296,0,16.546869892677357,31.60345339651603,8
tinyfold_f_medium_esm_n2_k10,clean_600_1000,3a9w.pdb1_0,624,33.85572814941406,19.190352661629284,18.081640969403118,0.010417520671306829,0,18.25820962843432,53.580927642574785,9
tinyfold_f_medium_esm_n2_k10,clean_600_1000,3cf4.pdb2_0,935,34.43171310424805,27.65521385688171,25.779825669499118,0.007893185618250378,0,23.11589100425791,60.29473766559335,0
tinyfold_f_medium_esm_n2_k10,clean_600_1000,3cf4.pdb2_0,935,35.101356506347656,24.654480668505308,19.05590279349913,0.02204415942145083,0,20.19198742647551,33.453322930446795,1
tinyfold_f_medium_esm_n2_k10,clean_600_1000,3cf4.pdb2_0,935,36.7458381652832,23.500476565502595,20.407873687095062,0.01825042551373497,0,19.6244690049727,37.46946550251789,2
tinyfold_f_medium_esm_n2_k10,clean_600_1000,3cf4.pdb2_0,935,38.089324951171875,27.750288731644993,26.687712607428022,0.012945782763205562,0,19.20729320918959,46.175151958347456,3
tinyfold_f_medium_esm_n2_k10,clean_600_1000,3cf4.pdb2_0,935,43.03404235839844,22.7096743426052,19.745507975798045,0.017410031003426012,0,16.491315655355955,39.6089659136759,4
tinyfold_f_medium_esm_n2_k10,clean_600_1000,3cf4.pdb2_0,935,33.559146881103516,26.07154444831856,21.65479409162126,0.008309149586540557,0,20.870195792290417,59.823897812978736,5
tinyfold_f_medium_esm_n2_k10,clean_600_1000,3cf4.pdb2_0,935,37.626922607421875,25.28162005758182,24.341551459234214,0.012075677608645655,0,21.24400555470611,47.31329752987935,6
tinyfold_f_medium_esm_n2_k10,clean_600_1000,3cf4.pdb2_0,935,40.654136657714844,27.02585429201593,24.78583641284646,0.007143869759184531,0,22.122700645728546,64.91711990334952,7
tinyfold_f_medium_esm_n2_k10,clean_600_1000,3cf4.pdb2_0,935,36.496131896972656,25.331962358831323,20.95683420030816,0.011127803736832573,0,19.64722154901391,50.46391465423614,8
tinyfold_f_medium_esm_n2_k10,clean_600_1000,3cf4.pdb2_0,935,43.091552734375,24.265451948348527,22.762544486027863,0.00857908085471308,0,21.024350322845017,58.50369060135685,9
tinyfold_f_medium_esm_n2_k10,clean_600_1000,3oix.pdb1_0,606,30.59456443786621,21.176969663706046,23.421843266796422,0.010192687503286856,0,20.730850379126693,52.684035738539144,0
tinyfold_f_medium_esm_n2_k10,clean_600_1000,3oix.pdb1_0,606,39.95542907714844,18.147716556217073,20.090299644146793,0.012489884938910227,0,18.657579650187,47.484964019803634,1
tinyfold_f_medium_esm_n2_k10,clean_600_1000,3oix.pdb1_0,606,28.332365036010742,18.60711670914304,19.94473978940694,0.01978074565225589,0,18.606853825111536,35.97100085107061,2
tinyfold_f_medium_esm_n2_k10,clean_600_1000,3oix.pdb1_0,606,34.95647048950195,17.485088226938917,19.74228747227497,0.013175527305526286,0,17.850028918676824,46.366338465730145,3
tinyfold_f_medium_esm_n2_k10,clean_600_1000,3oix.pdb1_0,606,35.34566116333008,18.02328401880215,21.912245441456054,0.011772566685903362,0,18.87082275726252,49.150565132104845,4
tinyfold_f_medium_esm_n2_k10,clean_600_1000,3oix.pdb1_0,606,38.05466842651367,17.59151412448343,17.69443364301809,0.019665583144178052,0,15.868845581378267,36.99579072479916,5
tinyfold_f_medium_esm_n2_k10,clean_600_1000,3oix.pdb1_0,606,37.05098342895508,17.64680672549268,19.900762592920128,0.01673490118720023,0,18.048554360009803,39.93257680109371,6
tinyfold_f_medium_esm_n2_k10,clean_600_1000,3oix.pdb1_0,606,29.273366928100586,17.092374374888124,17.838326560561036,0.03704009742480332,0,17.461043264018844,24.976715900000542,7
tinyfold_f_medium_esm_n2_k10,clean_600_1000,3oix.pdb1_0,606,30.480154037475586,17.479623207903693,20.212376218513235,0.01790301246985603,0,18.328721592693192,38.25119884497161,8
tinyfold_f_medium_esm_n2_k10,clean_600_1000,3oix.pdb1_0,606,41.71946334838867,17.316547521258865,20.90413188015065,0.03657796641098688,0,18.413257007750545,25.06480642128458,9
tinyfold_f_medium_esm_n2_k10,clean_600_1000,3oix.pdb2_0,606,36.195709228515625,17.476855684672127,21.30001684409266,0.016441587272543596,0,18.599639209427387,40.166616810768396,0
tinyfold_f_medium_esm_n2_k10,clean_600_1000,3oix.pdb2_0,606,25.52375030517578,17.740867783338615,21.544416105115193,0.014868327713291052,0,19.276348224087602,42.42856031014662,1
tinyfold_f_medium_esm_n2_k10,clean_600_1000,3oix.pdb2_0,606,35.0549430847168,18.006329116365897,22.61064801244142,0.008185211974649626,0,19.337699166809664,61.785476290513,2
tinyfold_f_medium_esm_n2_k10,clean_600_1000,3oix.pdb2_0,606,29.860828399658203,21.072547269906135,23.053881687076593,0.007727745844781679,0,20.89670930634868,62.681399706965884,3
tinyfold_f_medium_esm_n2_k10,clean_600_1000,3oix.pdb2_0,606,28.816730499267578,19.648679433666505,22.11266426671108,0.007849474003759415,0,19.955769362365526,62.906787782012486,4
tinyfold_f_medium_esm_n2_k10,clean_600_1000,3oix.pdb2_0,606,39.579505920410156,17.31265068572829,21.24719738111495,0.008974923457194906,0,18.331739666544944,59.088420347322824,5
tinyfold_f_medium_esm_n2_k10,clean_600_1000,3oix.pdb2_0,606,30.183387756347656,17.445057343630282,21.757641379686646,0.024235999239522864,0,19.138639388821957,31.82042543777902,6
tinyfold_f_medium_esm_n2_k10,clean_600_1000,3oix.pdb2_0,606,40.47910690307617,16.46272222796957,17.773122250051426,0.022572169203158274,0,16.532316630120086,33.77846671068837,7
tinyfold_f_medium_esm_n2_k10,clean_600_1000,3oix.pdb2_0,606,24.653526306152344,16.55897703282144,18.870840982385282,0.019624349047330198,0,16.64476508304772,36.73573667017575,8
tinyfold_f_medium_esm_n2_k10,clean_600_1000,3oix.pdb2_0,606,36.712554931640625,17.41204532596625,17.249142077960464,0.02555866544706366,0,16.551223375722135,31.33752059414479,9
tinyfold_f_medium_esm_n2_k10,clean_600_1000,3oix.pdb3_0,605,31.894794464111328,15.7398377599417,21.031319429898474,0.03922869964839249,0,18.534272820189475,24.033387259742195,0
tinyfold_f_medium_esm_n2_k10,clean_600_1000,3oix.pdb3_0,605,30.251808166503906,16.86925847408192,19.819536831197038,0.01994828842820927,0,18.126106339387555,35.914412033637056,1
tinyfold_f_medium_esm_n2_k10,clean_600_1000,3oix.pdb3_0,605,27.764915466308594,17.038054619201827,21.448214250215507,0.024825960886707785,0,18.37519496981111,31.503484553470614,2
tinyfold_f_medium_esm_n2_k10,clean_600_1000,3oix.pdb3_0,605,33.89822769165039,18.304005508299774,22.394642483285594,0.022968581860331485,0,20.745420643567858,32.5865856997993,3
tinyfold_f_medium_esm_n2_k10,clean_600_1000,3oix.pdb3_0,605,30.66603660583496,18.705298782566974,20.02755782219746,0.031211701324623517,0,17.66636325407694,27.62657364565875,4
tinyfold_f_medium_esm_n2_k10,clean_600_1000,3oix.pdb3_0,605,29.023874282836914,16.778207407435904,17.1637631760724,0.03966397881820365,0,16.136579452553487,24.125503975108586,5
tinyfold_f_medium_esm_n2_k10,clean_600_1000,3oix.pdb3_0,605,33.897178649902344,16.388234262598452,18.11647196901818,0.0683437775527675,0,16.787077998365717,17.155055545640376,6
tinyfold_f_medium_esm_n2_k10,clean_600_1000,3oix.pdb3_0,605,38.75675964355469,17.09355047441386,19.58302434357657,0.044052015951655844,0,17.259996618160983,22.523910130716043,7
tinyfold_f_medium_esm_n2_k10,clean_600_1000,3oix.pdb3_0,605,32.89548110961914,16.57686880986205,18.878470329396315,0.041854076764506636,0,17.027615110146392,23.254167906435512,8
tinyfold_f_medium_esm_n2_k10,clean_600_1000,3oix.pdb3_0,605,28.034725189208984,18.066143036600412,20.698193705594978,0.014157083322019067,0,18.20139626217882,44.16013881431237,9
tinyfold_f_medium_esm_n2_k10,clean_600_1000,3slg.pdb2_0,635,27.28349494934082,20.147221082154918,18.79248267858598,0.014601176257831775,0,17.307504042482716,43.76603586039698,0
tinyfold_f_medium_esm_n2_k10,clean_600_1000,3slg.pdb2_0,635,31.349685668945312,19.37230828430861,20.254483221171984,0.016514704198337827,0,19.345211195036242,39.82567390924579,1
tinyfold_f_medium_esm_n2_k10,clean_600_1000,3slg.pdb2_0,635,31.751802444458008,20.288306329931984,17.27707425480962,0.008238399090582913,0,16.32222505407311,65.94915551359858,2
tinyfold_f_medium_esm_n2_k10,clean_600_1000,3slg.pdb2_0,635,32.5710563659668,18.895063774596135,16.924054173414437,0.009242222502640021,0,15.560651819554744,61.878682690164794,3
tinyfold_f_medium_esm_n2_k10,clean_600_1000,3slg.pdb2_0,635,37.264156341552734,18.836236307555232,19.506182018732314,0.008150055661976146,0,17.466484809865086,64.38744174676216,4
tinyfold_f_medium_esm_n2_k10,clean_600_1000,3slg.pdb2_0,635,30.299287796020508,20.13920769115897,17.456258120869315,0.010662643563908914,0,15.392124381929287,55.92353792511219,5
tinyfold_f_medium_esm_n2_k10,clean_600_1000,3slg.pdb2_0,635,41.33045196533203,20.11025467031756,18.58749600797625,0.013824942124813154,0,16.27352038163978,45.97620651613852,6
tinyfold_f_medium_esm_n2_k10,clean_600_1000,3slg.pdb2_0,635,45.25970458984375,17.923641415872194,17.05604755793442,0.024118846444194816,0,14.351881115489764,33.18995895158114,7
tinyfold_f_medium_esm_n2_k10,clean_600_1000,3slg.pdb2_0,635,34.298465728759766,21.369638818811545,21.1557617413628,0.010412666695163716,0,18.185342238803607,53.65719891913084,8
tinyfold_f_medium_esm_n2_k10,clean_600_1000,3slg.pdb2_0,635,29.721622467041016,21.69080759793476,21.314280414929456,0.00884916913971258,0,19.922270661815876,58.16317111942723,9
tinyfold_f_medium_esm_n2_k10,clean_600_1000,3wwz.pdb1_0,657,41.48046875,22.422913416850772,23.985109069057856,0.0076760050507789545,0,20.971494226381186,62.89262386044829,0
tinyfold_f_medium_esm_n2_k10,clean_600_1000,3wwz.pdb1_0,657,46.33259201049805,21.18969543522369,22.710681841451898,0.03568620271147909,0,20.384584787287675,25.26581413398144,1
tinyfold_f_medium_esm_n2_k10,clean_600_1000,3wwz.pdb1_0,657,37.761749267578125,23.609038229358138,22.01407983632026,0.012190220071161738,0,20.44266977478807,47.35301328619726,2
tinyfold_f_medium_esm_n2_k10,clean_600_1000,3wwz.pdb1_0,657,41.1363410949707,21.37648982941552,24.434125501687763,0.013500979039095008,0,22.537150902971682,43.926546687695016,3
tinyfold_f_medium_esm_n2_k10,clean_600_1000,3wwz.pdb1_0,657,38.033973693847656,19.213314930838095,21.305468152883588,0.02246629610556918,0,19.70273396603065,33.1654844930929,4
tinyfold_f_medium_esm_n2_k10,clean_600_1000,3wwz.pdb1_0,657,34.59908676147461,21.80691618747097,24.04494260464411,0.012282380239451288,0,21.5914405013231,46.71685530765238,5
tinyfold_f_medium_esm_n2_k10,clean_600_1000,3wwz.pdb1_0,657,39.80802917480469,22.90142100681217,21.865329618204886,0.020294173220333053,0,19.799379836109292,35.17389868664828,6
tinyfold_f_medium_esm_n2_k10,clean_600_1000,3wwz.pdb1_0,657,32.551612854003906,20.855574926687343,22.451862704487933,0.01190961562814135,0,20.440768730457947,48.02638871451108,7
tinyfold_f_medium_esm_n2_k10,clean_600_1000,3wwz.pdb1_0,657,38.17035675048828,22.71398872526544,24.150610868683543,0.020394250857031733,0,21.31776150899073,34.814591868555425,8
tinyfold_f_medium_esm_n2_k10,clean_600_1000,3wwz.pdb1_0,657,35.372901916503906,21.032182562111977,25.350198689090185,0.00806260925263328,0,23.116835227025813,59.507502985635064,9
tinyfold_f_medium_esm_n2_k10,clean_600_1000,4a97.pdb1_4,614,47.33540344238281,17.539693366594754,13.877439094139964,0.10807806379017043,0.2,13.901998141475254,23.847091476429135,0
tinyfold_f_medium_esm_n2_k10,clean_600_1000,4a97.pdb1_4,614,53.83773422241211,16.802525627561177,15.833092278938741,0.05654874042638985,0,15.616983990306464,19.439431324707343,1
tinyfold_f_medium_esm_n2_k10,clean_600_1000,4a97.pdb1_4,614,31.063697814941406,16.662517681751435,14.729384109251958,0.0310057915588766,0,14.55747477298135,28.3440177205626,2
tinyfold_f_medium_esm_n2_k10,clean_600_1000,4a97.pdb1_4,614,41.7098503112793,28.11140068673026,26.8010146001631,0.01698299226747955,0,26.070777121036638,38.000380711812234,3
tinyfold_f_medium_esm_n2_k10,clean_600_1000,4a97.pdb1_4,614,46.320152282714844,17.791538546721156,15.538447231257274,0.014170286227970732,0,15.78588868045401,45.61191414678352,4
tinyfold_f_medium_esm_n2_k10,clean_600_1000,4a97.pdb1_4,614,35.10111618041992,16.269026570602392,15.241601396444553,0.0176771450065517,0,15.025196558227519,40.020317996038855,5
tinyfold_f_medium_esm_n2_k10,clean_600_1000,4a97.pdb1_4,614,54.553524017333984,18.492232252631126,12.179886055901404,0.0307673199467446,0,13.126603757222501,28.94061777478985,6
tinyfold_f_medium_esm_n2_k10,clean_600_1000,4a97.pdb1_4,614,49.90928649902344,15.228956935431572,14.101657964618218,0.05836385610641526,0,13.69056923749015,19.24520925305337,7
tinyfold_f_medium_esm_n2_k10,clean_600_1000,4a97.pdb1_4,614,58.793914794921875,17.194708886680246,15.100432934722583,0.026289983642831874,0,14.742782372596965,31.314344383840123,8
tinyfold_f_medium_esm_n2_k10,clean_600_1000,4a97.pdb1_4,614,53.76955795288086,15.128298119759219,15.321563284606247,0.06508663821841354,0,14.998575665176064,17.819602204310556,9
tinyfold_f_medium_esm_n2_k10,clean_600_1000,4a9w.pdb1_0,660,28.984569549560547,21.47792201028937,22.504850474904252,0.00601026979878085,0,23.115737620733906,71.75663705972579,0
tinyfold_f_medium_esm_n2_k10,clean_600_1000,4a9w.pdb1_0,660,29.831884384155273,22.88846381331277,27.21111437871437,0.0063759962010568995,0,25.883966503743427,67.12722243231335,1
tinyfold_f_medium_esm_n2_k10,clean_600_1000,4a9w.pdb1_0,660,40.840091705322266,21.771822357917006,17.03171086445326,0.024421939478287556,0,18.035662392976626,31.873384168789045,2
tinyfold_f_medium_esm_n2_k10,clean_600_1000,4a9w.pdb1_0,660,30.02305793762207,20.982122502300875,22.43855669091711,0.007160757446881953,0,21.242102962867865,65.58258549976001,3
tinyfold_f_medium_esm_n2_k10,clean_600_1000,4a9w.pdb1_0,660,31.51276206970215,23.972503883536746,29.150645224946057,0.006340980539332207,0,24.021206331708548,68.55856387696005,4
tinyfold_f_medium_esm_n2_k10,clean_600_1000,4a9w.pdb1_0,660,40.960411071777344,23.095348827599526,26.414361809692707,0.007466061648999614,0,23.740760869001083,62.04582308207232,5
tinyfold_f_medium_esm_n2_k10,clean_600_1000,4a9w.pdb1_0,660,38.16893768310547,21.178797680875963,24.54620075752591,0.012566483158931517,0,23.507337129012694,45.55456840594053,6
tinyfold_f_medium_esm_n2_k10,clean_600_1000,4a9w.pdb1_0,660,42.278324127197266,22.233139479965192,27.507971440265113,0.02572056912594672,0,22.736179367955344,30.328431068233748,7
tinyfold_f_medium_esm_n2_k10,clean_600_1000,4a9w.pdb1_0,660,41.7242431640625,22.33604181653713,24.27995421722168,0.00851754440128853,0,22.791292729461937,57.70087052445832,8
tinyfold_f_medium_esm_n2_k10,clean_600_1000,4a9w.pdb1_0,660,33.27104568481445,20.907214456404375,20.008137054886635,0.00932739256181901,0,19.750171606663248,56.350431806444284,9
tinyfold_f_medium_esm_n2_k10,clean_600_1000,4aq2.pdb1_6,845,52.65696334838867,23.10793506080217,20.92843178920912,0.011901251866169782,0,17.666359203999914,49.585690246356734,0
tinyfold_f_medium_esm_n2_k10,clean_600_1000,4aq2.pdb1_6,845,38.12699890136719,25.16241332840247,19.314634292845472,0.014745549133718679,0,16.638354197662366,43.87492116788436,1
tinyfold_f_medium_esm_n2_k10,clean_600_1000,4aq2.pdb1_6,845,41.09653854370117,24.13772827669162,20.938947711932258,0.013665039970709487,0,17.86773559806132,45.30948790498973,2
tinyfold_f_medium_esm_n2_k10,clean_600_1000,4aq2.pdb1_6,845,52.10030746459961,26.19223172182378,18.88405147245352,0.006386226112803259,0,17.151616738970112,78.5701288036032,3
tinyfold_f_medium_esm_n2_k10,clean_600_1000,4aq2.pdb1_6,845,36.62826156616211,23.70165160343767,16.11355973018299,0.01072333593893461,0,14.753248568520997,56.75430655597128,4
tinyfold_f_medium_esm_n2_k10,clean_600_1000,4aq2.pdb1_6,845,45.49285125732422,23.184790594289776,20.90552271854111,0.006561298627235161,0,17.89673796565347,74.92066607586051,5
tinyfold_f_medium_esm_n2_k10,clean_600_1000,4aq2.pdb1_6,845,38.63187026977539,24.860456068616067,19.68028444046929,0.007292750460829132,0,16.891737293474872,71.19341533200135,6
tinyfold_f_medium_esm_n2_k10,clean_600_1000,4aq2.pdb1_6,845,51.079078674316406,24.661065097897726,22.96603107851693,0.010987144926398554,0,19.542251357081188,50.925186569008325,7
tinyfold_f_medium_esm_n2_k10,clean_600_1000,4aq2.pdb1_6,845,52.60719680786133,22.784290215470108,22.150349218978175,0.02172240665633961,0,19.685147269250155,33.82595757296345,8
tinyfold_f_medium_esm_n2_k10,clean_600_1000,4aq2.pdb1_6,845,46.21147918701172,22.967660864443367,21.10141541845872,0.022569770043705816,0,17.752267424858733,33.460347289989485,9
tinyfold_f_medium_esm_n2_k10,clean_600_1000,4ebf.pdb1_0,646,39.21217346191406,23.124421517619563,24.49917873578618,0.006758061427446443,0,22.417379533282162,67.04965292252638,0
tinyfold_f_medium_esm_n2_k10,clean_600_1000,4ebf.pdb1_0,646,36.29142761230469,23.341691857366232,24.24812904416045,0.00832136445578748,0,21.646151871571917,59.22103598819954,1
tinyfold_f_medium_esm_n2_k10,clean_600_1000,4ebf.pdb1_0,646,44.39200973510742,23.491307486475062,24.73257061599305,0.010459247252900946,0,22.341405168945524,51.13318098129262,2
tinyfold_f_medium_esm_n2_k10,clean_600_1000,4ebf.pdb1_0,646,30.658164978027344,23.67769934465216,24.431093293299078,0.006846410070609342,0,22.537648079135966,66.38686187558122,3
tinyfold_f_medium_esm_n2_k10,clean_600_1000,4ebf.pdb1_0,646,31.610694885253906,23.030119926064202,24.484717090673037,0.006161709751741905,0,22.145937642331987,71.54526641563629,4
tinyfold_f_medium_esm_n2_k10,clean_600_1000,4ebf.pdb1_0,646,39.06498336791992,27.071195963922943,22.786542498635114,0.013477084950318567,0,21.553080657790716,44.23363596609768,5
tinyfold_f_medium_esm_n2_k10,clean_600_1000,4ebf.pdb1_0,646,39.45240020751953,23.45176305580333,24.28275847245519,0.006815612010634829,0,22.242259373630162,66.82995306711749,6
tinyfold_f_medium_esm_n2_k10,clean_600_1000,4ebf.pdb1_0,646,44.02814483642578,22.391270273746535,22.415893489944644,0.02363382339737459,0,20.417040953947414,32.09750388829909,7
tinyfold_f_medium_esm_n2_k10,clean_600_1000,4ebf.pdb1_0,646,45.91514205932617,24.28460928739774,25.94083810690675,0.005838767538908221,0,23.340107877590437,72.92680773974256,8
tinyfold_f_medium_esm_n2_k10,clean_600_1000,4ebf.pdb1_0,646,33.099395751953125,23.595767626523223,24.632165874406557,0.00808979731077124,0,22.5858358926122,59.685972248118105,9
tinyfold_f_medium_esm_n2_k10,clean_600_1000,4pj1.pdb1_11,626,62.21665573120117,30.517056796190438,20.06169947969296,0.012541056413417904,0,16.043026474787876,49.22228638089153,0
tinyfold_f_medium_esm_n2_k10,clean_600_1000,4pj1.pdb1_11,626,45.61949157714844,32.45715939456399,42.26448796166948,0.003162134495800274,0,29.616264092890138,101.76837710273756,1
tinyfold_f_medium_esm_n2_k10,clean_600_1000,4pj1.pdb1_11,626,55.400779724121094,29.110425868208242,23.073744874024996,0.01391371395539498,0,15.62573701719225,46.29597767439548,2
tinyfold_f_medium_esm_n2_k10,clean_600_1000,4pj1.pdb1_11,626,58.319664001464844,35.4992136197225,41.20554288735009,0.0026894619016038807,0,30.88994227417389,112.10669339127348,3
tinyfold_f_medium_esm_n2_k10,clean_600_1000,4pj1.pdb1_11,626,47.52418518066406,33.908407781891825,38.70537870312064,0.0038160243951320884,0,25.45002054523713,94.73387416369343,4
tinyfold_f_medium_esm_n2_k10,clean_600_1000,4pj1.pdb1_11,626,48.20453643798828,30.7823060729646,33.32750406161248,0.0035509605055810394,0,26.654036973811863,97.80826827906729,5
tinyfold_f_medium_esm_n2_k10,clean_600_1000,4pj1.pdb1_11,626,49.6726188659668,33.084742218846515,39.62316683963537,0.005068792583355477,0,26.81321845132392,76.84697971303508,6
tinyfold_f_medium_esm_n2_k10,clean_600_1000,4pj1.pdb1_11,626,58.26533126831055,29.372566744967433,23.975432196535,0.007964044019069357,0,18.432873548991353,64.03728284171652,7
tinyfold_f_medium_esm_n2_k10,clean_600_1000,4pj1.pdb1_11,626,61.898406982421875,30.535754012547887,28.88181306303,0.01520204787163656,0,18.047939949696726,42.337477164519974,8
tinyfold_f_medium_esm_n2_k10,clean_600_1000,4pj1.pdb1_11,626,53.734737396240234,31.37672920758231,26.55317803603725,0.013871245557019336,0,15.55847941099794,46.447691512872844,9
tinyfold_f_medium_esm_n2_k10,clean_600_1000,4pj1.pdb1_45,626,53.66269302368164,35.27579807475603,33.36105599955816,0.004647360639829515,0,18.4785143369964,98.47250798624742,0
tinyfold_f_medium_esm_n2_k10,clean_600_1000,4pj1.pdb1_45,626,39.30772018432617,28.040166593484376,27.18205595448317,0.012454828157016163,0,18.65658554587732,47.56871468925243,1
tinyfold_f_medium_esm_n2_k10,clean_600_1000,4pj1.pdb1_45,626,54.849979400634766,36.07514334449909,29.407402204863725,0.006263350980837145,0,15.940404863015274,84.5190087601415,2
tinyfold_f_medium_esm_n2_k10,clean_600_1000,4pj1.pdb1_45,626,56.05711364746094,30.89674315036404,34.03200502154092,0.004507358123239144,0,23.814595232268093,86.4698538509231,3
tinyfold_f_medium_esm_n2_k10,clean_600_1000,4pj1.pdb1_45,626,59.3206672668457,32.003632526005994,30.960416244090194,0.004670985391343533,0,21.257122342810533,88.90382180339606,4
tinyfold_f_medium_esm_n2_k10,clean_600_1000,4pj1.pdb1_45,626,49.343994140625,29.360763114977523,26.880495638876575,0.006371045853749704,0,22.16198909906568,69.94547660332029,5
tinyfold_f_medium_esm_n2_k10,clean_600_1000,4pj1.pdb1_45,626,56.13987731933594,28.17395476831178,24.003778127314206,0.022289490194068156,0,16.71164247920955,33.983776575190994,6
tinyfold_f_medium_esm_n2_k10,clean_600_1000,4pj1.pdb1_45,626,42.11678695678711,31.146267266933723,29.856156874348287,0.006077939042417481,0,18.630994764242487,77.80735236487135,7
tinyfold_f_medium_esm_n2_k10,clean_600_1000,4pj1.pdb1_45,626,52.954254150390625,29.271440671243127,27.484641702517322,0.005788012480538088,0,21.021586378705525,76.17456104238475,8
tinyfold_f_medium_esm_n2_k10,clean_600_1000,4pj1.pdb1_45,626,57.2575798034668,34.024961126840005,37.00071258562348,0.0037927692160732566,0,22.70260771024506,101.00734822046982,9
tinyfold_f_medium_esm_n2_k10,clean_600_1000,4pj1.pdb1_56,634,63.51590347290039,32.99590749301853,39.36031259961458,0.00410379339265463,0,25.853781194283815,89.41198279572143,0
tinyfold_f_medium_esm_n2_k10,clean_600_1000,4pj1.pdb1_56,634,51.50045394897461,31.44750772371561,25.671532996289187,0.007063733890189649,0,16.864938735679967,73.09395807572557,1
tinyfold_f_medium_esm_n2_k10,clean_600_1000,4pj1.pdb1_56,634,52.50554656982422,37.84109596264235,44.400253028334475,0.0031188584334527606,0,27.221606455962952,106.50231750651842,2
tinyfold_f_medium_esm_n2_k10,clean_600_1000,4pj1.pdb1_56,634,48.387794494628906,29.431315596758743,26.282690762339197,0.004279644161650955,0,22.89519254189708,91.45109358209508,3
tinyfold_f_medium_esm_n2_k10,clean_600_1000,4pj1.pdb1_56,634,47.02012252807617,30.30779345767994,29.155287219805373,0.004184371367534096,0,22.388505865032798,94.15289449589969,4
tinyfold_f_medium_esm_n2_k10,clean_600_1000,4pj1.pdb1_56,634,53.19704055786133,24.871202382651436,16.943428644545147,0.020048272096835275,0,16.959053542881232,36.15285808449937,5
tinyfold_f_medium_esm_n2_k10,clean_600_1000,4pj1.pdb1_56,634,58.58225631713867,38.620807422189664,46.52740051547466,0.002930452464334364,0,27.66347772465427,110.71340980642965,6
tinyfold_f_medium_esm_n2_k10,clean_600_1000,4pj1.pdb1_56,634,47.215660095214844,35.7625706908195,42.744524383703975,0.00460233340260107,0,18.642604065577338,98.61424315252992,7
tinyfold_f_medium_esm_n2_k10,clean_600_1000,4pj1.pdb1_56,634,57.902008056640625,34.98574350523669,41.77962369429558,0.003270553540505105,0,24.920204768901637,107.60054917550546,8
tinyfold_f_medium_esm_n2_k10,clean_600_1000,4pj1.pdb1_56,634,56.18467712402344,36.30883422987157,45.33928779373677,0.0032283558467853034,0,26.13970992427854,105.88484092181012,9
tinyfold_f_medium_esm_n2_k10,clean_600_1000,4tnp.pdb1_1,960,47.10564422607422,28.95291315414927,23.138350632696323,0.016020766289808256,0,20.330756881561374,40.27205523602184,0
tinyfold_f_medium_esm_n2_k10,clean_600_1000,4tnp.pdb1_1,960,46.10308837890625,27.494465930903115,21.508690382323188,0.007096601856456493,0,19.795578863189014,67.56377841592429,1
tinyfold_f_medium_esm_n2_k10,clean_600_1000,4tnp.pdb1_1,960,46.74305725097656,23.355002476911405,31.938743445238735,0.008910612919755293,0,26.339598047186602,54.793463029947254,2
tinyfold_f_medium_esm_n2_k10,clean_600_1000,4tnp.pdb1_1,960,50.206947326660156,25.375767323841938,34.83702002978823,0.00833729800774206,0,28.026747682670987,56.46918442074447,3
tinyfold_f_medium_esm_n2_k10,clean_600_1000,4tnp.pdb1_1,960,42.994659423828125,27.49823965534526,23.48323601451476,0.006045365520475952,0,22.893991198000794,71.6935803795634,4
tinyfold_f_medium_esm_n2_k10,clean_600_1000,4tnp.pdb1_1,960,45.478946685791016,25.032239523530208,24.59888125884714,0.017187443119949453,0,21.364426327062535,38.42243698521854,5
tinyfold_f_medium_esm_n2_k10,clean_600_1000,4tnp.pdb1_1,960,41.07573699951172,23.192569991867504,22.87758252487971,0.01568443539938343,0,19.957325273596897,40.88281609206922,6
tinyfold_f_medium_esm_n2_k10,clean_600_1000,4tnp.pdb1_1,960,40.94955062866211,23.193936154238898,22.773499750722603,0.01619649000180692,0,20.89270141966688,39.87665510043384,7
tinyfold_f_medium_esm_n2_k10,clean_600_1000,4tnp.pdb1_1,960,36.520626068115234,27.02810126331274,32.46081702067312,0.012524307134646855,0,26.89781686880611,44.98460288083641,8
tinyfold_f_medium_esm_n2_k10,clean_600_1000,4tnp.pdb1_1,960,41.92467498779297,21.746784337705225,25.475964352934607,0.017157186306902578,0,22.281660703159734,38.29219793070516,9
tinyfold_f_medium_esm_n2_k10,clean_600_1000,4tnp.pdb1_5,965,47.04541778564453,27.584236201200383,20.536426278633265,0.0,0.0,inf,inf,0
tinyfold_f_medium_esm_n2_k10,clean_600_1000,4tnp.pdb1_5,965,46.01081085205078,26.615623690512685,16.42532992286351,0.0,0.0,inf,inf,1
tinyfold_f_medium_esm_n2_k10,clean_600_1000,4tnp.pdb1_5,965,50.54468536376953,27.351257413157864,15.196969891254513,0.0,0.0,inf,inf,2
tinyfold_f_medium_esm_n2_k10,clean_600_1000,4tnp.pdb1_5,965,47.45072937011719,22.767336983041115,20.038818571430262,0.0,0.0,inf,inf,3
tinyfold_f_medium_esm_n2_k10,clean_600_1000,4tnp.pdb1_5,965,49.431236267089844,31.467201257748364,20.172169467544364,0.0,0.0,inf,inf,4
tinyfold_f_medium_esm_n2_k10,clean_600_1000,4tnp.pdb1_5,965,61.81005859375,22.047834874924252,20.84730072464667,0.0,0.0,inf,inf,5
tinyfold_f_medium_esm_n2_k10,clean_600_1000,4tnp.pdb1_5,965,56.00895690917969,22.802623964344733,17.58642200873616,0.0,0.0,inf,inf,6
tinyfold_f_medium_esm_n2_k10,clean_600_1000,4tnp.pdb1_5,965,41.573856353759766,26.354213053265607,21.278920612050598,0.0,0.0,inf,inf,7
tinyfold_f_medium_esm_n2_k10,clean_600_1000,4tnp.pdb1_5,965,49.34408950805664,25.76359236680452,18.79599376237271,0.0,0.0,inf,inf,8
tinyfold_f_medium_esm_n2_k10,clean_600_1000,4tnp.pdb1_5,965,53.68758010864258,24.79719652529749,24.671668516719013,0.0,0.0,inf,inf,9
tinyfold_f_medium_esm_n2_k10,clean_600_1000,4tnx.pdb1_2,964,43.88713073730469,26.679757080606553,20.21053674426596,0.010461924949182322,0,17.252888632107076,54.34005048100882,0
tinyfold_f_medium_esm_n2_k10,clean_600_1000,4tnx.pdb1_2,964,43.643829345703125,27.438505423794005,17.680854704651036,0.018047477121226983,0,15.666208830870637,39.130986636229096,1
tinyfold_f_medium_esm_n2_k10,clean_600_1000,4tnx.pdb1_2,964,37.77013397216797,28.759278126519643,27.18801118375569,0.01767845884935121,0,18.881482581966278,38.37641341603973,2
tinyfold_f_medium_esm_n2_k10,clean_600_1000,4tnx.pdb1_2,964,37.92272186279297,27.77981960129024,18.08418922695325,0.009945103026109793,0,16.48191094639112,57.179102075296825,3
tinyfold_f_medium_esm_n2_k10,clean_600_1000,4tnx.pdb1_2,964,39.081817626953125,27.10461758498608,23.085184160243816,0.03011081409369291,0.06451612903225806,19.18533917554035,59.897568815436905,4
tinyfold_f_medium_esm_n2_k10,clean_600_1000,4tnx.pdb1_2,964,37.9523811340332,28.612406773823388,20.985683936504323,0.007275941512295572,0,18.337684180672916,68.46099290381567,5
tinyfold_f_medium_esm_n2_k10,clean_600_1000,4tnx.pdb1_2,964,47.15062713623047,27.179571002098186,25.441817291716447,0.005660329388245911,0,20.654702312238605,78.00483419637631,6
tinyfold_f_medium_esm_n2_k10,clean_600_1000,4tnx.pdb1_2,964,45.701114654541016,23.03097054933712,19.53409751745181,0.021113500968787415,0,17.47294143952458,34.890680738427164,7
tinyfold_f_medium_esm_n2_k10,clean_600_1000,4tnx.pdb1_2,964,38.495880126953125,23.690676168381405,21.1498728261929,0.011336823567344409,0,19.916550388524456,49.74368129985912,8
tinyfold_f_medium_esm_n2_k10,clean_600_1000,4tnx.pdb1_2,964,45.55789566040039,25.93150979525343,16.66773459713561,0.01237563957405953,0,14.7753907120604,51.09851922355399,9
tinyfold_f_medium_esm_n2_k10,clean_600_1000,4tny.pdb1_2,962,50.3415641784668,23.239705913105194,19.45862254278651,0.006103037125918628,0,18.837848142582754,77.09906434226826,0
tinyfold_f_medium_esm_n2_k10,clean_600_1000,4tny.pdb1_2,962,37.919124603271484,25.21611367087976,19.435646569430652,0.013384489855992198,0,17.651700266260505,46.02394254539737,1
tinyfold_f_medium_esm_n2_k10,clean_600_1000,4tny.pdb1_2,962,47.05611801147461,21.61260230529632,17.990724201664115,0.029064084145900008,0,16.776021947566715,28.970611783812547,2
tinyfold_f_medium_esm_n2_k10,clean_600_1000,4tny.pdb1_2,962,40.93107986450195,26.742171083155984,18.136087175722288,0.012208164800787144,0,15.546383525363405,50.64112092853128,3
tinyfold_f_medium_esm_n2_k10,clean_600_1000,4tny.pdb1_2,962,43.6056022644043,25.016695442006547,21.837108617967807,0.0059758090518057414,0,20.016939082645663,76.0337262915858,4
tinyfold_f_medium_esm_n2_k10,clean_600_1000,4tny.pdb1_2,962,38.11796188354492,25.19498284495604,22.876711903730687,0.007524882888540613,0,18.510197935543378,66.5517970980908,5
tinyfold_f_medium_esm_n2_k10,clean_600_1000,4tny.pdb1_2,962,47.30027770996094,23.560801537883265,20.365245252724467,0.00673394954631409,0,18.955572977631427,71.38810474778168,6
tinyfold_f_medium_esm_n2_k10,clean_600_1000,4tny.pdb1_2,962,45.08866500854492,28.778035294592325,19.86524716827893,0.014329533880212528,0,13.45805565472404,47.74693480218555,7
tinyfold_f_medium_esm_n2_k10,clean_600_1000,4tny.pdb1_2,962,45.82196044921875,27.653983248823714,21.26656876305706,0.0103107753717353,0,18.7751817130501,53.53447943676569,8
tinyfold_f_medium_esm_n2_k10,clean_600_1000,4tny.pdb1_2,962,46.66716766357422,26.033123982719545,22.652320769370117,0.013788091705292506,0,19.316022181694883,44.38964997111615,9
tinyfold_f_medium_esm_n2_k10,clean_600_1000,5dm3.pdb7_2,781,48.695213317871094,22.709967867336058,20.17540646710936,0.008175882176701354,0,18.137223196564907,63.2595014936158,0
tinyfold_f_medium_esm_n2_k10,clean_600_1000,5dm3.pdb7_2,781,50.06180191040039,23.117745638321793,25.431761616905113,0.005721292667971727,0,21.75949032508154,75.75162952042682,1
tinyfold_f_medium_esm_n2_k10,clean_600_1000,5dm3.pdb7_2,781,50.6785888671875,21.227299591076964,23.542553269287257,0.007831977360626814,0,19.625578919921654,63.34349385916216,2
tinyfold_f_medium_esm_n2_k10,clean_600_1000,5dm3.pdb7_2,781,45.35951232910156,22.62015990894516,23.997406965020097,0.007888727493783583,0,20.202067890826147,62.45926854577091,3
tinyfold_f_medium_esm_n2_k10,clean_600_1000,5dm3.pdb7_2,781,38.97541809082031,21.9934301291571,25.043314737108176,0.0063071932415234636,0,21.65488793208108,70.95819052911077,4
tinyfold_f_medium_esm_n2_k10,clean_600_1000,5dm3.pdb7_2,781,44.29841613769531,25.178290249411067,23.160636802651904,0.01933019398997495,0,19.485614062495706,36.25627002984825,5
tinyfold_f_medium_esm_n2_k10,clean_600_1000,5dm3.pdb7_2,781,35.13753128051758,22.873618627863607,22.132497123465374,0.009908145218145597,0,18.87882131504578,54.85099059115677,6
tinyfold_f_medium_esm_n2_k10,clean_600_1000,5dm3.pdb7_2,781,47.49913787841797,21.994251374010858,20.742073456214527,0.005924134238489691,0,17.985616917980618,81.10245819732809,7
tinyfold_f_medium_esm_n2_k10,clean_600_1000,5dm3.pdb7_2,781,49.592830657958984,24.240599933646433,26.325068034501502,0.005586483135167744,0,20.047282084103163,79.89483448835774,8
tinyfold_f_medium_esm_n2_k10,clean_600_1000,5dm3.pdb7_2,781,50.174713134765625,23.597631124022314,23.179580793987675,0.005871338133221309,0,19.15237382077364,78.74523498777066,9
tinyfold_f_medium_esm_n2_k10,clean_ge1000,1a9x.pdb3_0,1436,45.895469665527344,33.4066012120592,30.0706575791871,0.005356621255108609,0,22.852630549551055,77.85258139306295,0
tinyfold_f_medium_esm_n2_k10,clean_ge1000,1a9x.pdb3_0,1436,45.329654693603516,32.51574222876722,33.50761953243357,0.005456935180078302,0,25.11698038604636,74.59773944735029,1
tinyfold_f_medium_esm_n2_k10,clean_ge1000,1a9x.pdb3_0,1436,45.47523880004883,33.80816496425813,35.74732029197203,0.004363023147177226,0,25.48005245121498,86.17501245235779,2
tinyfold_f_medium_esm_n2_k10,clean_ge1000,1a9x.pdb3_0,1436,54.72701644897461,35.50909094443204,38.89681008396597,0.003692447127851163,0,30.187380166005834,91.18610516211471,3
tinyfold_f_medium_esm_n2_k10,clean_ge1000,1a9x.pdb3_0,1436,50.2843132019043,33.003473477515485,29.092952474017878,0.005908008964225009,0,21.283870164992756,74.7017617994325,4
tinyfold_f_medium_esm_n2_k10,clean_ge1000,1a9x.pdb3_0,1436,46.76142883300781,32.98013142373709,30.54281065872191,0.004766641623223511,0,24.532570507572284,82.21721416000912,5
tinyfold_f_medium_esm_n2_k10,clean_ge1000,1a9x.pdb3_0,1436,45.357784271240234,31.509987182954323,35.286400594984805,0.004531729927058957,0,27.592692634608117,81.93076173767301,6
tinyfold_f_medium_esm_n2_k10,clean_ge1000,1a9x.pdb3_0,1436,49.55633544921875,33.63004054934398,31.420085221067545,0.005341979413221107,0,22.137730508414183,78.95939082928815,7
tinyfold_f_medium_esm_n2_k10,clean_ge1000,1a9x.pdb3_0,1436,45.442283630371094,32.89532175187769,36.30627293699833,0.003952193065112347,0,28.079351582596402,89.13881685682686,8
tinyfold_f_medium_esm_n2_k10,clean_ge1000,1a9x.pdb3_0,1436,43.87278366088867,33.79104394023981,36.47138182637705,0.00440486092552667,0,27.37365664819026,83.64593229253471,9
tinyfold_f_medium_esm_n2_k10,clean_ge1000,1a9x.pdb4_0,1436,48.488067626953125,33.39128547743207,32.52593923076293,0.005386368884153023,0,26.49432544440353,74.16792150490092,0
tinyfold_f_medium_esm_n2_k10,clean_ge1000,1a9x.pdb4_0,1436,52.07826614379883,32.247784742631794,32.00401764182098,0.00547485860493348,0,23.772549384728148,75.67540517071133,1
tinyfold_f_medium_esm_n2_k10,clean_ge1000,1a9x.pdb4_0,1436,51.53932571411133,33.04132078938284,34.49008310531131,0.0039538467844921115,0,28.247675029872,88.94639013169852,2
tinyfold_f_medium_esm_n2_k10,clean_ge1000,1a9x.pdb4_0,1436,48.64097595214844,35.11998021891549,32.90369882813969,0.004457899888613507,0,24.963167518490454,85.54679595953199,3
tinyfold_f_medium_esm_n2_k10,clean_ge1000,1a9x.pdb4_0,1436,48.87236022949219,32.64894290733458,35.77717216756148,0.00439454788938205,0,26.301386031146563,84.82435166224752,4
tinyfold_f_medium_esm_n2_k10,clean_ge1000,1a9x.pdb4_0,1436,41.94007873535156,33.092697341907126,34.438692456051754,0.004164128158288142,0,27.30407145686689,86.86955751670517,5
tinyfold_f_medium_esm_n2_k10,clean_ge1000,1a9x.pdb4_0,1436,47.55974197387695,34.454867586865326,26.814857035089876,0.0062274879168921415,0,19.83664557967995,74.07257999071912,6
tinyfold_f_medium_esm_n2_k10,clean_ge1000,1a9x.pdb4_0,1436,48.51474380493164,33.32566577229585,34.834033548887945,0.004361891519004141,0,25.428774275950634,86.25318436917416,7
tinyfold_f_medium_esm_n2_k10,clean_ge1000,1a9x.pdb4_0,1436,45.96206283569336,35.387719062367694,31.32127872554519,0.0048611887366152955,0,25.088776526353087,80.51696752973987,8
tinyfold_f_medium_esm_n2_k10,clean_ge1000,1a9x.pdb4_0,1436,43.91535949707031,34.986487343406345,33.70338034096415,0.004959888838741551,0,25.42993733698459,79.1111036218674,9
tinyfold_f_medium_esm_n2_k10,clean_ge1000,1aqf.pdb2_5,1038,57.67387008666992,28.310333110154073,27.427041676804087,0.008463022022349937,0,25.09587960961242,56.899305611283545,0
tinyfold_f_medium_esm_n2_k10,clean_ge1000,1aqf.pdb2_5,1038,61.21537780761719,25.82790122672503,24.828362077578404,0.0070355478653804275,0,22.52433003011675,65.24057395797564,1
tinyfold_f_medium_esm_n2_k10,clean_ge1000,1aqf.pdb2_5,1038,53.68827819824219,26.33475635543687,25.36965204784181,0.00995897333075616,0,24.70191521135446,51.81758115972514,2
tinyfold_f_medium_esm_n2_k10,clean_ge1000,1aqf.pdb2_5,1038,50.631465911865234,29.563831793459364,24.038866328789243,0.0054157818408224895,0,21.16018568646198,79.69608509989988,3
tinyfold_f_medium_esm_n2_k10,clean_ge1000,1aqf.pdb2_5,1038,55.38530731201172,26.113700885273275,20.051006796847883,0.016930910279486625,0,20.993997911851405,38.83605259567291,4
tinyfold_f_medium_esm_n2_k10,clean_ge1000,1aqf.pdb2_5,1038,59.145782470703125,30.973016814617562,24.502871747719716,0.004167948566763635,0,23.237123381018055,92.60725113309294,5
tinyfold_f_medium_esm_n2_k10,clean_ge1000,1aqf.pdb2_5,1038,39.24651336669922,25.459112956445654,22.993156463999743,0.01309780266351677,0,21.805473553495734,44.90978969021418,6
tinyfold_f_medium_esm_n2_k10,clean_ge1000,1aqf.pdb2_5,1038,57.37632751464844,26.756062421885623,24.507080446009237,0.00815008319684391,0,24.861715454801274,58.28740932432845,7
tinyfold_f_medium_esm_n2_k10,clean_ge1000,1aqf.pdb2_5,1038,39.76560592651367,26.29651953542467,22.09984203585465,0.012679756528502421,0,21.45396247162619,45.88701669776541,8
tinyfold_f_medium_esm_n2_k10,clean_ge1000,1aqf.pdb2_5,1038,49.88105773925781,26.454025795883254,26.30075371277553,0.00416414135108549,0,23.93524449215179,91.36809867609158,9
tinyfold_f_medium_esm_n2_k10,clean_ge1000,1p7z.pdb1_0,1454,50.57281494140625,31.91679598123197,28.519781713872064,0.006559554411518835,0,26.37159136934861,65.71776390580055,0
tinyfold_f_medium_esm_n2_k10,clean_ge1000,1p7z.pdb1_0,1454,61.696712493896484,32.22531873301392,34.451063104761595,0.004622689583317362,0,29.420945797686972,79.59577423757294,1
tinyfold_f_medium_esm_n2_k10,clean_ge1000,1p7z.pdb1_0,1454,45.837066650390625,33.64418955793803,35.11129424017228,0.007749390936212784,0,27.44460341066866,59.09449177416426,2
tinyfold_f_medium_esm_n2_k10,clean_ge1000,1p7z.pdb1_0,1454,55.50365447998047,35.82181028155657,34.707724830065175,0.009466506275738787,0,29.68287122453172,52.17729676262748,3
tinyfold_f_medium_esm_n2_k10,clean_ge1000,1p7z.pdb1_0,1454,54.96289825439453,31.766670710154784,30.030728521532524,0.009204523912522735,0,27.75979564488766,53.409546842748355,4
tinyfold_f_medium_esm_n2_k10,clean_ge1000,1p7z.pdb1_0,1454,47.637245178222656,34.2750509921995,29.571836480858863,0.00961278742747805,0,27.282261902114794,52.20604809834553,5
tinyfold_f_medium_esm_n2_k10,clean_ge1000,1p7z.pdb1_0,1454,55.4903450012207,33.82148333283358,29.595613379202504,0.008252817248407414,0,28.186939645447268,56.75957137410584,6
tinyfold_f_medium_esm_n2_k10,clean_ge1000,1p7z.pdb1_0,1454,56.905277252197266,32.26760597558459,30.205485729904765,0.006616721321298576,0,26.146547913126838,65.48359938313229,7
tinyfold_f_medium_esm_n2_k10,clean_ge1000,1p7z.pdb1_0,1454,55.32589340209961,30.19268909219973,31.63700290990703,0.011561849282054323,0,30.013421193964284,46.60425455145819,8
tinyfold_f_medium_esm_n2_k10,clean_ge1000,1p7z.pdb1_0,1454,58.84727478027344,33.8418742824938,36.61314454046329,0.010086577287988346,0,30.84568473844754,50.17278090363192,9
tinyfold_f_medium_esm_n2_k10,clean_ge1000,1p7z.pdb1_5,1454,59.27259826660156,34.598206880789036,26.988459346762305,0.024297973566647032,0.06,25.90680457626107,86.55075595428728,0
tinyfold_f_medium_esm_n2_k10,clean_ge1000,1p7z.pdb1_5,1454,46.98301696777344,32.8991387372941,30.168557776103583,0.004860167605373206,0,27.333700793140196,78.5367399064328,1
tinyfold_f_medium_esm_n2_k10,clean_ge1000,1p7z.pdb1_5,1454,58.71993637084961,35.23413612304714,33.151750253698616,0.0068776413739842284,0,27.89637032074264,63.231104902849935,2
tinyfold_f_medium_esm_n2_k10,clean_ge1000,1p7z.pdb1_5,1454,53.893272399902344,34.31146342195703,32.042752161718354,0.007394240342317592,0,27.947506809885333,60.57454312748189,3
tinyfold_f_medium_esm_n2_k10,clean_ge1000,1p7z.pdb1_5,1454,55.253665924072266,36.06939003349012,30.47169639441681,0.007025043900880323,0,28.6308387550783,62.19079082588379,4
tinyfold_f_medium_esm_n2_k10,clean_ge1000,1p7z.pdb1_5,1454,53.5168571472168,37.0383097391518,30.233836888438564,0.004607559215057388,0,28.074217060373904,80.68616925605005,5
tinyfold_f_medium_esm_n2_k10,clean_ge1000,1p7z.pdb1_5,1454,61.12848663330078,33.26818006524708,33.88556848861107,0.004956688144890548,0,31.704022804535217,75.13506150480946,6
tinyfold_f_medium_esm_n2_k10,clean_ge1000,1p7z.pdb1_5,1454,55.94361877441406,33.672992447248895,31.13964716623244,0.009817378200556176,0,28.3705171099076,51.35508776690076,7
tinyfold_f_medium_esm_n2_k10,clean_ge1000,1p7z.pdb1_5,1454,56.91109085083008,33.18696504601824,32.17161402133064,0.007268774314415385,0,29.7618377069638,60.63495625076615,8
tinyfold_f_medium_esm_n2_k10,clean_ge1000,1p7z.pdb1_5,1454,51.597198486328125,36.55956241250653,28.186155089255514,0.011641283201196775,0.02,27.43141653180849,77.31423108590295,9
tinyfold_f_medium_esm_n2_k10,clean_ge1000,1pjl.pdb1_0,1074,58.13484191894531,28.679647434933045,31.873895833890305,0.004601727103259601,0,24.307565713869895,84.52440889071052,0
tinyfold_f_medium_esm_n2_k10,clean_ge1000,1pjl.pdb1_0,1074,60.954803466796875,29.48138648546332,28.820961380857295,0.004731198914308677,0,25.50735000870753,81.54978893261125,1
tinyfold_f_medium_esm_n2_k10,clean_ge1000,1pjl.pdb1_0,1074,55.45619201660156,34.80016007179686,25.127731750936135,0.008545858862793361,0,17.32833817546373,62.430056300647756,2
tinyfold_f_medium_esm_n2_k10,clean_ge1000,1pjl.pdb1_0,1074,46.9743537902832,33.56229551950253,29.171405134414602,0.008041034092230458,0,19.87329808605646,61.983486990089965,3
tinyfold_f_medium_esm_n2_k10,clean_ge1000,1pjl.pdb1_0,1074,53.78247833251953,32.368921340484796,27.95711540397096,0.006432965574240415,0,26.045949693079002,66.67306275328963,4
tinyfold_f_medium_esm_n2_k10,clean_ge1000,1pjl.pdb1_0,1074,54.958526611328125,26.284227484309554,29.78177139451711,0.01115700199864389,0,22.795155146779784,49.04584466554908,5
tinyfold_f_medium_esm_n2_k10,clean_ge1000,1pjl.pdb1_0,1074,45.88247299194336,30.8053371044889,31.40283485842618,0.0042341881748054816,0,26.018881789554378,87.30466808062745,6
tinyfold_f_medium_esm_n2_k10,clean_ge1000,1pjl.pdb1_0,1074,42.15668869018555,27.993502655899473,29.00874702299879,0.007402041303861528,0,18.783394598989425,66.93708807884356,7
tinyfold_f_medium_esm_n2_k10,clean_ge1000,1pjl.pdb1_0,1074,58.072715759277344,27.48393263334264,29.424325690023814,0.008574718346803714,0,24.493118253845815,56.68941137635311,8
tinyfold_f_medium_esm_n2_k10,clean_ge1000,1pjl.pdb1_0,1074,45.98158645629883,27.044308439245697,31.591470312903304,0.0036053079324990752,0,27.018560691828426,96.22110522713447,9
tinyfold_f_medium_esm_n2_k10,clean_ge1000,1pjl.pdb1_1,1074,53.51725769042969,38.19043031023637,36.42012647892977,0.0,0.0,inf,inf,0
tinyfold_f_medium_esm_n2_k10,clean_ge1000,1pjl.pdb1_1,1074,62.74116134643555,40.70872213553578,27.328130341111383,0.0,0.0,inf,inf,1
tinyfold_f_medium_esm_n2_k10,clean_ge1000,1pjl.pdb1_1,1074,58.56150817871094,33.412151487087364,36.01463503899211,0.0,0.0,inf,inf,2
tinyfold_f_medium_esm_n2_k10,clean_ge1000,1pjl.pdb1_1,1074,57.41032028198242,36.7551876142877,38.63114769004822,0.0,0.0,inf,inf,3
tinyfold_f_medium_esm_n2_k10,clean_ge1000,1pjl.pdb1_1,1074,53.8812141418457,42.15643692940195,39.297068373522784,0.0,0.0,inf,inf,4
tinyfold_f_medium_esm_n2_k10,clean_ge1000,1pjl.pdb1_1,1074,67.81360626220703,40.74464791603362,41.78661380372026,0.0,0.0,inf,inf,5
tinyfold_f_medium_esm_n2_k10,clean_ge1000,1pjl.pdb1_1,1074,55.48014450073242,38.94057077818469,33.15435308950949,0.0,0.0,inf,inf,6
tinyfold_f_medium_esm_n2_k10,clean_ge1000,1pjl.pdb1_1,1074,61.33257293701172,32.65872211162635,30.271934224568657,0.0,0.0,inf,inf,7
tinyfold_f_medium_esm_n2_k10,clean_ge1000,1pjl.pdb1_1,1074,76.29187774658203,33.469975558731335,37.4111027518757,0.0,0.0,inf,inf,8
tinyfold_f_medium_esm_n2_k10,clean_ge1000,1pjl.pdb1_1,1074,68.89248657226562,31.93508646759106,44.06751075474808,0.0,0.0,inf,inf,9
tinyfold_f_medium_esm_n2_k10,clean_ge1000,1pjl.pdb2_1,1074,65.47410583496094,33.95199427036717,24.30345395951947,0.011803419427473044,0,16.042437223613117,51.27719420902162,0
tinyfold_f_medium_esm_n2_k10,clean_ge1000,1pjl.pdb2_1,1074,65.20840454101562,34.68491671801647,26.26711807115311,0.004090688362824566,0,23.77158047178663,92.87678589404055,1
tinyfold_f_medium_esm_n2_k10,clean_ge1000,1pjl.pdb2_1,1074,74.46788787841797,35.08349437280725,38.44463285587803,0.00873265720899434,0,20.4232349443979,58.27406273237741,2
tinyfold_f_medium_esm_n2_k10,clean_ge1000,1pjl.pdb2_1,1074,69.11009979248047,37.177839648513945,30.555251310765033,0.0037836169076027304,0,19.970010844001507,111.86398193301817,3
tinyfold_f_medium_esm_n2_k10,clean_ge1000,1pjl.pdb2_1,1074,56.22024917602539,40.57310757938797,35.505288677302985,0.003586850736977495,0,23.238347897135057,104.1919056248713,4
tinyfold_f_medium_esm_n2_k10,clean_ge1000,1pjl.pdb2_1,1074,63.579734802246094,29.547800809203324,31.721401862977405,0.006139568975607831,0,24.734299223240157,69.45924243327231,5
tinyfold_f_medium_esm_n2_k10,clean_ge1000,1pjl.pdb2_1,1074,75.14019775390625,35.57747256147957,37.47642450339969,0.004688674621662165,0,20.904892402669464,89.47596701452495,6
tinyfold_f_medium_esm_n2_k10,clean_ge1000,1pjl.pdb2_1,1074,59.2615966796875,46.83089922432134,28.405118345853392,0.005357860795336359,0,16.95227494928682,92.883187793705,7
tinyfold_f_medium_esm_n2_k10,clean_ge1000,1pjl.pdb2_1,1074,55.719444274902344,31.63774533215647,39.80559243373077,0.004016516851912229,0,19.869184046929437,106.05517979317978,8
tinyfold_f_medium_esm_n2_k10,clean_ge1000,1pjl.pdb2_1,1074,65.51377868652344,35.39151082013749,27.749798908367662,0.004884700856149268,0,17.56810999423476,98.33195314736983,9
tinyfold_f_medium_esm_n2_k10,clean_ge1000,1pjl.pdb2_5,1074,38.130008697509766,29.36498124157351,24.078122337953033,0.005829381805972606,0,19.459765081073872,78.524523873931,0
tinyfold_f_medium_esm_n2_k10,clean_ge1000,1pjl.pdb2_5,1074,49.64213562011719,33.08823930952046,24.891518951669706,0.005810490585251671,0,23.50698869893375,73.00101917925824,1
tinyfold_f_medium_esm_n2_k10,clean_ge1000,1pjl.pdb2_5,1074,61.43534469604492,28.088551267852015,28.219430687910833,0.004741799839049919,0,24.603450119265062,82.42691623504196,2
tinyfold_f_medium_esm_n2_k10,clean_ge1000,1pjl.pdb2_5,1074,46.548057556152344,35.005371819574925,27.75351616953756,0.005902334719199843,0,24.4566079354774,71.43873030436642,3
tinyfold_f_medium_esm_n2_k10,clean_ge1000,1pjl.pdb2_5,1074,40.106624603271484,28.071262946925483,28.79854203055796,0.011849064246846307,0,24.37137297495822,46.92191569001083,4
tinyfold_f_medium_esm_n2_k10,clean_ge1000,1pjl.pdb2_5,1074,50.862308502197266,31.76091788107903,30.148203761532066,0.008170033995133346,0,22.631346580549327,59.294144201140334,5
tinyfold_f_medium_esm_n2_k10,clean_ge1000,1pjl.pdb2_5,1074,59.62311935424805,28.99321553566953,26.747552940192826,0.0057953248311883865,0,19.820059521217466,78.15190765676205,6
tinyfold_f_medium_esm_n2_k10,clean_ge1000,1pjl.pdb2_5,1074,45.6299934387207,24.648684101493252,31.374640202578906,0.014001534835795514,0,27.251141455875718,42.202798884739536,7
tinyfold_f_medium_esm_n2_k10,clean_ge1000,1pjl.pdb2_5,1074,53.31686019897461,31.934929725752824,24.673434553085656,0.009808994641360936,0,21.556776423861702,53.513889080199505,8
tinyfold_f_medium_esm_n2_k10,clean_ge1000,1pjl.pdb2_5,1074,56.02451705932617,25.694405399322736,26.321071850706574,0.010773985239682883,0,19.348368794293744,51.67142049524355,9
tinyfold_f_medium_esm_n2_k10,clean_ge1000,2ww2.pdb1_1,1474,56.52204132080078,35.684303115734856,24.95706061434271,0.008310415319344408,0,23.195847089745712,58.36821734294922,0
tinyfold_f_medium_esm_n2_k10,clean_ge1000,2ww2.pdb1_1,1474,59.99470901489258,29.829639548254008,21.29219773023651,0.006299917530477751,0,18.587695845447705,75.76590327930255,1
tinyfold_f_medium_esm_n2_k10,clean_ge1000,2ww2.pdb1_1,1474,62.88379669189453,29.678640724565327,29.9685032309828,0.004085861996046442,0,25.433541506963763,90.25561375400015,2
tinyfold_f_medium_esm_n2_k10,clean_ge1000,2ww2.pdb1_1,1474,52.974525451660156,35.160031222165145,20.945120497603845,0.009790277533695968,0,19.215568462439414,55.01573973777109,3
tinyfold_f_medium_esm_n2_k10,clean_ge1000,2ww2.pdb1_1,1474,49.407470703125,40.13785203493877,21.706429466984147,0.006224123411529887,0,22.99959623686893,70.23017346017983,4
tinyfold_f_medium_esm_n2_k10,clean_ge1000,2ww2.pdb1_1,1474,47.02375793457031,35.47323784051478,32.08320546759662,0.006716878059912743,0,24.055619388871346,66.07871087731357,5
tinyfold_f_medium_esm_n2_k10,clean_ge1000,2ww2.pdb1_1,1474,50.075199127197266,40.390918003422435,21.148145193221655,0.0067034272133405,0,23.117111167036253,66.83373119547359,6
tinyfold_f_medium_esm_n2_k10,clean_ge1000,2ww2.pdb1_1,1474,46.20643997192383,33.74570870702461,26.557115297227227,0.006226919668313381,0,23.796220741292956,69.53432708000754,7
tinyfold_f_medium_esm_n2_k10,clean_ge1000,2ww2.pdb1_1,1474,49.57345199584961,31.089488226652186,21.142496174362137,0.012629575522815047,0,21.364896271997225,46.024221544664954,8
tinyfold_f_medium_esm_n2_k10,clean_ge1000,2ww2.pdb1_1,1474,49.845314025878906,32.98223438841937,22.331244645949553,0.0062878264138237355,0,21.602264862316147,71.16586149458139,9
tinyfold_f_medium_esm_n2_k10,clean_ge1000,2ww2.pdb1_2,1474,58.5010871887207,35.566749795210285,21.832924067639727,0.006311602327511626,0,19.660056747320706,73.64223406483335,0
tinyfold_f_medium_esm_n2_k10,clean_ge1000,2ww2.pdb1_2,1474,47.959049224853516,34.225403804537706,28.864369336445453,0.00682514306150563,0,23.961999455312824,65.47895505391415,1
tinyfold_f_medium_esm_n2_k10,clean_ge1000,2ww2.pdb1_2,1474,52.54917526245117,33.85510315043083,30.681373996660156,0.005769075402017205,0,22.584167139755497,74.30964955025844,2
tinyfold_f_medium_esm_n2_k10,clean_ge1000,2ww2.pdb1_2,1474,49.89013671875,36.708799333677845,20.522587047183375,0.006450282892909235,0,20.927496617026875,70.72205855182192,3
tinyfold_f_medium_esm_n2_k10,clean_ge1000,2ww2.pdb1_2,1474,54.891273498535156,35.720492169449386,23.20231916670403,0.007691929010663044,0,21.250723367317622,62.5737068775826,4
tinyfold_f_medium_esm_n2_k10,clean_ge1000,2ww2.pdb1_2,1474,51.57816696166992,28.832595600334262,23.349130761955166,0.009724124710435218,0,20.297858416072746,54.50706233105952,5
tinyfold_f_medium_esm_n2_k10,clean_ge1000,2ww2.pdb1_2,1474,49.672000885009766,31.722418838989896,27.60043751284202,0.007698990566132343,0,23.89203878922406,60.79884483756324,6
tinyfold_f_medium_esm_n2_k10,clean_ge1000,2ww2.pdb1_2,1474,52.03696060180664,37.99431260709325,25.680857569720562,0.006037304946050916,0,22.9046592990828,71.74665743281388,7
tinyfold_f_medium_esm_n2_k10,clean_ge1000,2ww2.pdb1_2,1474,52.374908447265625,29.153649466228075,27.21749347930173,0.005788867664510888,0,22.53545764989391,74.19202333352914,8
tinyfold_f_medium_esm_n2_k10,clean_ge1000,2ww2.pdb1_2,1474,51.173763275146484,39.36868542770999,28.7483892817689,0.006184051306675643,0,23.287122131061853,70.27142751092607,9
tinyfold_f_medium_esm_n2_k10,clean_ge1000,3a9s.pdb1_2,1178,51.790042877197266,29.2345780735928,22.227105085785215,0.016451067949045554,0,19.762590678840205,39.79825636478839,0
tinyfold_f_medium_esm_n2_k10,clean_ge1000,3a9s.pdb1_2,1178,47.19403839111328,30.394011376313046,23.60534805328208,0.011122528839430592,0,18.604904262521952,51.11448033331975,1
tinyfold_f_medium_esm_n2_k10,clean_ge1000,3a9s.pdb1_2,1178,43.874324798583984,33.73678231562834,23.083790782616067,0.06169461690729572,0.15555555555555556,19.57685696717013,54.56493596479433,2
tinyfold_f_medium_esm_n2_k10,clean_ge1000,3a9s.pdb1_2,1178,42.55515670776367,28.050490439828685,24.963255474891014,0.016138131504877987,0,21.615448713081953,39.79988274334111,3
tinyfold_f_medium_esm_n2_k10,clean_ge1000,3a9s.pdb1_2,1178,47.20633316040039,31.30297110274119,23.50247863343798,0.05440164033982737,0.13333333333333333,18.01717294931004,55.413738189129404,4
tinyfold_f_medium_esm_n2_k10,clean_ge1000,3a9s.pdb1_2,1178,52.153045654296875,27.146895100427468,24.10349330496162,0.015921833740997243,0,22.198300699185324,39.99278439269358,5
tinyfold_f_medium_esm_n2_k10,clean_ge1000,3a9s.pdb1_2,1178,41.17026901245117,28.67081551683817,24.27574627321058,0.006119326629904137,0,19.624747447179836,75.39788628580196,6
tinyfold_f_medium_esm_n2_k10,clean_ge1000,3a9s.pdb1_2,1178,56.87217330932617,26.93114367920109,25.977323932141985,0.011374832842868202,0,21.733643458484146,48.85282161941384,7
tinyfold_f_medium_esm_n2_k10,clean_ge1000,3a9s.pdb1_2,1178,53.02375793457031,28.159628097149657,27.919167411528807,0.008688761194919932,0,20.617431763522863,58.31928048450958,8
tinyfold_f_medium_esm_n2_k10,clean_ge1000,3a9s.pdb1_2,1178,45.38946533203125,37.48421923290475,27.670196686457096,0.007852963577696147,0,19.394564188031726,63.481359767951695,9
tinyfold_f_medium_esm_n2_k10,clean_ge1000,3a9t.pdb1_2,1178,42.592552185058594,28.12252999104245,22.613998929994718,0.010463553108911512,0,19.318130333302655,52.654501215966405,0
tinyfold_f_medium_esm_n2_k10,clean_ge1000,3a9t.pdb1_2,1178,44.3813362121582,36.51700636600261,22.227848572738594,0.0071621463813302715,0,19.525460445106475,67.47910389158916,1
tinyfold_f_medium_esm_n2_k10,clean_ge1000,3a9t.pdb1_2,1178,48.4254264831543,34.42737808486321,25.955057923477817,0.006012603236912092,0,20.875780339600098,74.34999882969892,2
tinyfold_f_medium_esm_n2_k10,clean_ge1000,3a9t.pdb1_2,1178,47.254878997802734,32.52709414953747,25.349431867936048,0.012047330014668444,0,19.091981720057316,48.32716423122278,3
tinyfold_f_medium_esm_n2_k10,clean_ge1000,3a9t.pdb1_2,1178,42.30588150024414,26.745624032249324,24.443734539593663,0.012256787362208074,0,21.109926076913187,46.94228659645879,4
tinyfold_f_medium_esm_n2_k10,clean_ge1000,3a9t.pdb1_2,1178,54.40815353393555,26.553403824261874,26.342355296173157,0.01990711630266175,0,21.470722814215957,35.27939996912736,5
tinyfold_f_medium_esm_n2_k10,clean_ge1000,3a9t.pdb1_2,1178,43.585323333740234,29.077199382692033,25.82338117467643,0.016784035235873008,0,19.017201803319843,39.54120472058885,6
tinyfold_f_medium_esm_n2_k10,clean_ge1000,3a9t.pdb1_2,1178,46.38532257080078,28.565314527374397,26.39995378624048,0.008649427356630825,0,24.448171678149173,56.41400703673315,7
tinyfold_f_medium_esm_n2_k10,clean_ge1000,3a9t.pdb1_2,1178,40.41495895385742,28.693605110602004,27.609176233997697,0.007647006272340366,0,24.3062023512387,60.83735366024728,8
tinyfold_f_medium_esm_n2_k10,clean_ge1000,3a9t.pdb1_2,1178,51.55759811401367,29.09485433672172,26.05711587957601,0.016008071790206035,0,21.971903762233147,39.913221272974184,9
tinyfold_f_medium_esm_n2_k10,clean_ge1000,3b2d.pdb1_0,1202,56.666351318359375,38.721671777799514,27.948811242330418,0.0,0.0,inf,inf,0
tinyfold_f_medium_esm_n2_k10,clean_ge1000,3b2d.pdb1_0,1202,72.39025115966797,37.18997351353397,28.95100014277949,0.0,0.0,inf,inf,1
tinyfold_f_medium_esm_n2_k10,clean_ge1000,3b2d.pdb1_0,1202,54.69610595703125,32.76493858673875,25.180524331923948,0.0,0.0,inf,inf,2
tinyfold_f_medium_esm_n2_k10,clean_ge1000,3b2d.pdb1_0,1202,63.30527877807617,34.43744211001249,27.312838851214924,0.0,0.0,inf,inf,3
tinyfold_f_medium_esm_n2_k10,clean_ge1000,3b2d.pdb1_0,1202,64.07169342041016,44.8253825527984,36.01906922000227,0.0,0.0,inf,inf,4
tinyfold_f_medium_esm_n2_k10,clean_ge1000,3b2d.pdb1_0,1202,63.397125244140625,44.633264550027114,25.607116752181163,0.0,0.0,inf,inf,5
tinyfold_f_medium_esm_n2_k10,clean_ge1000,3b2d.pdb1_0,1202,69.01499938964844,36.7720444218059,29.72469608816034,0.0,0.0,inf,inf,6
tinyfold_f_medium_esm_n2_k10,clean_ge1000,3b2d.pdb1_0,1202,60.068450927734375,32.611525846313256,27.15597127330108,0.0,0.0,inf,inf,7
tinyfold_f_medium_esm_n2_k10,clean_ge1000,3b2d.pdb1_0,1202,56.97610092163086,28.407353152500622,17.233935888216877,0.0,0.0,inf,inf,8
tinyfold_f_medium_esm_n2_k10,clean_ge1000,3b2d.pdb1_0,1202,67.38097381591797,42.431890248018426,34.869201489341116,0.0,0.0,inf,inf,9
tinyfold_f_medium_esm_n2_k10,clean_ge1000,3edj.pdb1_0,1194,47.24065399169922,30.138843962380644,22.436438231987445,0.010719194464476445,0,19.501428379008924,51.74358290714585,0
tinyfold_f_medium_esm_n2_k10,clean_ge1000,3edj.pdb1_0,1194,53.2921028137207,27.544118818885845,25.82138174777943,0.009521015728685198,0,23.428655101879247,53.65683513651985,1
tinyfold_f_medium_esm_n2_k10,clean_ge1000,3edj.pdb1_0,1194,42.79093933105469,27.62622916939897,28.23275919093603,0.022345340171654238,0,25.75256121591962,32.60027493885254,2
tinyfold_f_medium_esm_n2_k10,clean_ge1000,3edj.pdb1_0,1194,51.317874908447266,29.919426692074605,30.144074660998697,0.004840628696313495,0,27.895212332831417,78.32927782277746,3
tinyfold_f_medium_esm_n2_k10,clean_ge1000,3edj.pdb1_0,1194,53.1272087097168,33.05148148186117,29.73126732874852,0.010399371378124042,0,25.609146836486143,50.28547638493277,4
tinyfold_f_medium_esm_n2_k10,clean_ge1000,3edj.pdb1_0,1194,55.909156799316406,30.072065108496826,28.837101080508727,0.005086380619804678,0,25.076079144873265,78.14272110573732,5
tinyfold_f_medium_esm_n2_k10,clean_ge1000,3edj.pdb1_0,1194,51.9542350769043,29.39143209927763,23.106522415935668,0.015270597802996116,0,21.872897406391335,41.04069309017098,6
tinyfold_f_medium_esm_n2_k10,clean_ge1000,3edj.pdb1_0,1194,50.84696578979492,27.558695175265026,26.7565351224348,0.010932497418761533,0,23.83870359441763,49.31279210977251,7
tinyfold_f_medium_esm_n2_k10,clean_ge1000,3edj.pdb1_0,1194,50.514984130859375,28.20028971715559,23.07693281809293,0.010369968617610971,0,21.816393217505805,51.61389151294981,8
tinyfold_f_medium_esm_n2_k10,clean_ge1000,3edj.pdb1_0,1194,56.9516716003418,27.194488037324867,25.25325402799636,0.010697925744326682,0,20.426471325078907,51.290274549863106,9
tinyfold_f_medium_esm_n2_k10,clean_ge1000,3kqx.pdb1_6,1020,49.375247955322266,24.388202160748484,18.492041328856246,0.00731498853460508,0,17.64835222321025,69.41529632559806,0
tinyfold_f_medium_esm_n2_k10,clean_ge1000,3kqx.pdb1_6,1020,46.974308013916016,27.58377059502875,16.564785987962296,0.013682266879558253,0,14.620198108869753,47.81775329976571,1
tinyfold_f_medium_esm_n2_k10,clean_ge1000,3kqx.pdb1_6,1020,50.303958892822266,28.296299336334414,31.073356988846307,0.013251576780401881,0,19.597195086360657,45.355471679550526,2
tinyfold_f_medium_esm_n2_k10,clean_ge1000,3kqx.pdb1_6,1020,52.112911224365234,25.96270107317834,24.49054147831371,0.008713836402506753,0,20.921446000574008,57.99782431792373,3
tinyfold_f_medium_esm_n2_k10,clean_ge1000,3kqx.pdb1_6,1020,42.2389030456543,26.716386911838587,23.204531636240308,0.008299413428665468,0,17.66012562261602,63.25722949460665,4
tinyfold_f_medium_esm_n2_k10,clean_ge1000,3kqx.pdb1_6,1020,58.816688537597656,20.699066768656994,24.435115353207618,0.01220744604895267,0,20.070669822140342,47.46894915182378,5
tinyfold_f_medium_esm_n2_k10,clean_ge1000,3kqx.pdb1_6,1020,58.142391204833984,22.660919841150132,26.653667487598064,0.029871907103305295,0,19.31535196403769,28.13835426421612,6
tinyfold_f_medium_esm_n2_k10,clean_ge1000,3kqx.pdb1_6,1020,48.02616882324219,23.123953303527298,23.439667304221302,0.01533973679639145,0,20.540849095110662,41.25879733878748,7
tinyfold_f_medium_esm_n2_k10,clean_ge1000,3kqx.pdb1_6,1020,48.23068618774414,28.306678354067657,13.861665279645129,0.014296722360494382,0,15.185996903500442,45.84896764318776,8
tinyfold_f_medium_esm_n2_k10,clean_ge1000,3kqx.pdb1_6,1020,45.481143951416016,31.99413487564474,17.040959452730903,0.00928322116148015,0,16.848047623608643,59.52207429543574,9
tinyfold_f_medium_esm_n2_k10,clean_ge1000,3kqx.pdb1_8,1027,49.390743255615234,23.683337865464676,22.021993253645235,0.006150699748982649,0,21.155958785683623,72.79723552443458,0
tinyfold_f_medium_esm_n2_k10,clean_ge1000,3kqx.pdb1_8,1027,57.76730728149414,25.418724486448095,24.60153636294108,0.008774954058934322,0,19.808063673387426,58.57573247866879,1
tinyfold_f_medium_esm_n2_k10,clean_ge1000,3kqx.pdb1_8,1027,49.75596618652344,25.9628906035463,22.85450835491884,0.009736806504601877,0,20.760028693628872,54.185362183442905,2
tinyfold_f_medium_esm_n2_k10,clean_ge1000,3kqx.pdb1_8,1027,42.52964782714844,24.520032737545993,30.472134360200727,0.022893828655589473,0,24.700855704173133,32.236058442368595,3
tinyfold_f_medium_esm_n2_k10,clean_ge1000,3kqx.pdb1_8,1027,49.18475341796875,30.477513587115762,37.66218244307409,0.007308444590227457,0,28.12129019650728,60.932821655587155,4
tinyfold_f_medium_esm_n2_k10,clean_ge1000,3kqx.pdb1_8,1027,40.532039642333984,23.540893312248006,23.475454913733596,0.007505886514919781,0,20.428314488925803,64.33782783381236,5
tinyfold_f_medium_esm_n2_k10,clean_ge1000,3kqx.pdb1_8,1027,38.013431549072266,23.02810232288244,21.406960115990056,0.014964231434240353,0,16.15412202250604,43.76853943421373,6
tinyfold_f_medium_esm_n2_k10,clean_ge1000,3kqx.pdb1_8,1027,43.28363037109375,25.0631705902125,21.60048383682524,0.00800726732125309,0,18.68508585380251,63.47084330155547,7
tinyfold_f_medium_esm_n2_k10,clean_ge1000,3kqx.pdb1_8,1027,46.91852569580078,25.75561173062226,29.4455003816012,0.00945864497971423,0,25.401448428407175,53.190661779029966,8
tinyfold_f_medium_esm_n2_k10,clean_ge1000,3kqx.pdb1_8,1027,49.73405456542969,22.130342205114125,24.38531605819072,0.017959545380106672,0,19.0999210808348,37.958887006537076,9
tinyfold_f_medium_esm_n2_k10,clean_ge1000,3kqx.pdb1_9,1023,45.64856719970703,31.646768726307272,25.378708193910793,0.005841858452614785,0,20.34717210443844,76.73877891324742,0
tinyfold_f_medium_esm_n2_k10,clean_ge1000,3kqx.pdb1_9,1023,58.62565612792969,27.404056957811516,25.095764660627225,0.0061755990527016915,0,21.637197835094536,72.00456993723911,1
tinyfold_f_medium_esm_n2_k10,clean_ge1000,3kqx.pdb1_9,1023,49.40314483642578,31.6797375209281,25.23123170382144,0.00838915516976265,0,18.17442203893458,62.08062986646395,2
tinyfold_f_medium_esm_n2_k10,clean_ge1000,3kqx.pdb1_9,1023,44.784461975097656,27.95844920640801,23.142709671804507,0.008446753715294034,0,20.304085552737263,59.63384046648283,3
tinyfold_f_medium_esm_n2_k10,clean_ge1000,3kqx.pdb1_9,1023,61.424041748046875,22.444171934397286,21.219534343174438,0.016964505251037685,0,19.923950167896297,39.04065410739932,4
tinyfold_f_medium_esm_n2_k10,clean_ge1000,3kqx.pdb1_9,1023,59.3658447265625,30.545435039929938,34.52480345004442,0.0031370932059743297,0,29.235781411468604,102.83486617092925,5
tinyfold_f_medium_esm_n2_k10,clean_ge1000,3kqx.pdb1_9,1023,58.37637710571289,32.77108350882201,28.394283749265668,0.006210826453643364,0,21.68903553471618,71.66587176498288,6
tinyfold_f_medium_esm_n2_k10,clean_ge1000,3kqx.pdb1_9,1023,45.98213577270508,28.743765418749106,25.951337320887095,0.007726058312470391,0,22.888652421994657,61.23844714830349,7
tinyfold_f_medium_esm_n2_k10,clean_ge1000,3kqx.pdb1_9,1023,56.48456954956055,33.25737857352114,26.853152192831374,0.00521453666984505,0,24.43577293547786,77.48868310490263,8
tinyfold_f_medium_esm_n2_k10,clean_ge1000,3kqx.pdb1_9,1023,54.22832489013672,30.194827774566207,30.252934954471627,0.005468126987337432,0,25.889050601903374,73.89515202055853,9
tinyfold_f_medium_esm_n2_k10,clean_ge1000,4b2d.pdb1_4,1032,44.5576057434082,29.350588991883956,28.25057659186694,0.004981914718493624,0,23.338512143848025,81.22716249682733,0
tinyfold_f_medium_esm_n2_k10,clean_ge1000,4b2d.pdb1_4,1032,44.66950225830078,33.24802242707229,24.15372892573362,0.005119042279688685,0,20.928361461819282,83.54065118281422,1
tinyfold_f_medium_esm_n2_k10,clean_ge1000,4b2d.pdb1_4,1032,45.76655960083008,25.483321463389668,26.426010482963964,0.003984291604159807,0,23.017028343163677,96.34278084129325,2
tinyfold_f_medium_esm_n2_k10,clean_ge1000,4b2d.pdb1_4,1032,54.083839416503906,26.869596407989413,25.24465453157879,0.005369663874844159,0,22.519120926263234,78.14955178416666,3
tinyfold_f_medium_esm_n2_k10,clean_ge1000,4b2d.pdb1_4,1032,63.29541015625,28.027497335956514,22.853687794628257,0.005241893711172199,0,21.026538755374123,81.87780119291062,4
tinyfold_f_medium_esm_n2_k10,clean_ge1000,4b2d.pdb1_4,1032,41.455997467041016,27.751816246099775,26.11202492268298,0.004618962488992889,0,23.435987798438145,85.54231696921174,5
tinyfold_f_medium_esm_n2_k10,clean_ge1000,4b2d.pdb1_4,1032,47.76406478881836,30.63108344921119,27.344948017178716,0.007907631611775575,0,25.036027425908316,59.279458765389464,6
tinyfold_f_medium_esm_n2_k10,clean_ge1000,4b2d.pdb1_4,1032,59.705013275146484,26.045219440867754,22.863340817025836,0.010979272489959663,0,22.320231649456883,49.67922455741896,7
tinyfold_f_medium_esm_n2_k10,clean_ge1000,4b2d.pdb1_4,1032,54.555721282958984,27.716884278604105,24.963317229364357,0.0057611201444884045,0,22.300063096942218,74.70910228025365,8
tinyfold_f_medium_esm_n2_k10,clean_ge1000,4b2d.pdb1_4,1032,55.02753829956055,25.565742511802277,21.921155394170725,0.011419629597648223,0,21.247077579376946,48.92503745408141,9
tinyfold_f_medium_esm_n2_k10,clean_ge1000,4eba.pdb1_0,1143,70.00035095214844,41.59257931794365,29.999203230875096,0.007361147012520036,0,29.778364436624255,60.19076103002566,0
tinyfold_f_medium_esm_n2_k10,clean_ge1000,4eba.pdb1_0,1143,65.3851318359375,40.409964462977086,32.787546808105354,0.004828677719412374,0,28.054903720523747,78.34023326680546,1
tinyfold_f_medium_esm_n2_k10,clean_ge1000,4eba.pdb1_0,1143,67.64019012451172,41.948902218561024,33.62124677883972,0.0052214534869906995,0,30.081609607983793,73.53806305709965,2
tinyfold_f_medium_esm_n2_k10,clean_ge1000,4eba.pdb1_0,1143,65.30016326904297,43.72974368802238,39.50825118400313,0.004485381537839206,0,28.315676489826807,81.89545303235431,3
tinyfold_f_medium_esm_n2_k10,clean_ge1000,4eba.pdb1_0,1143,54.78692626953125,41.23408981625001,32.588719159315445,0.004090940423397191,0,29.40194649862766,85.98854520175335,4
tinyfold_f_medium_esm_n2_k10,clean_ge1000,4eba.pdb1_0,1143,53.24570083618164,35.924550382819554,30.58151755061318,0.003553319183113562,0,27.530175350820755,96.49247636511194,5
tinyfold_f_medium_esm_n2_k10,clean_ge1000,4eba.pdb1_0,1143,60.8043212890625,39.2571083659597,34.44415490919198,0.007085370511265183,0,31.149082458560542,61.17123322988994,6
tinyfold_f_medium_esm_n2_k10,clean_ge1000,4eba.pdb1_0,1143,59.162384033203125,42.74888309043376,25.694483966901323,0.005937778297005747,0,24.231375000993555,71.3439256641143,7
tinyfold_f_medium_esm_n2_k10,clean_ge1000,4eba.pdb1_0,1143,62.47988510131836,39.14420173901726,34.64350798893155,0.003633409886418058,0,31.031482172816638,91.42862726962821,8
tinyfold_f_medium_esm_n2_k10,clean_ge1000,4eba.pdb1_0,1143,67.03905487060547,33.910962289661974,30.44819959127909,0.008744416808459705,0,28.04860429337122,54.934569641021724,9
tinyfold_f_medium_esm_n2_k10,clean_ge1000,4hmk.pdb3_0,1007,35.34885025024414,24.578324198038615,21.13009568937684,0.0,0.0,inf,inf,0
tinyfold_f_medium_esm_n2_k10,clean_ge1000,4hmk.pdb3_0,1007,41.787750244140625,24.7716391922168,18.935191029343525,0.0,0.0,inf,inf,1
tinyfold_f_medium_esm_n2_k10,clean_ge1000,4hmk.pdb3_0,1007,30.9195613861084,22.877442729828022,19.821212379092202,0.0,0.0,inf,inf,2
tinyfold_f_medium_esm_n2_k10,clean_ge1000,4hmk.pdb3_0,1007,48.640750885009766,25.087319454999758,21.502231817687957,0.0,0.0,inf,inf,3
tinyfold_f_medium_esm_n2_k10,clean_ge1000,4hmk.pdb3_0,1007,45.935970306396484,23.388205577947584,25.286458632268168,0.0,0.0,inf,inf,4
tinyfold_f_medium_esm_n2_k10,clean_ge1000,4hmk.pdb3_0,1007,41.8701171875,29.739765632457186,17.360602757777563,0.0,0.0,inf,inf,5
tinyfold_f_medium_esm_n2_k10,clean_ge1000,4hmk.pdb3_0,1007,45.806068420410156,26.528921873637348,22.080253009117396,0.0,0.0,inf,inf,6
tinyfold_f_medium_esm_n2_k10,clean_ge1000,4hmk.pdb3_0,1007,42.17073440551758,26.07810437533707,20.215329258694762,0.0,0.0,inf,inf,7
tinyfold_f_medium_esm_n2_k10,clean_ge1000,4hmk.pdb3_0,1007,44.8375358581543,25.119793420841333,18.585438559461664,0.0,0.0,inf,inf,8
tinyfold_f_medium_esm_n2_k10,clean_ge1000,4hmk.pdb3_0,1007,36.77288055419922,22.48814988455951,21.699365695445564,0.0,0.0,inf,inf,9
tinyfold_f_medium_esm_n2_k10,clean_ge1000,4oir.pdb1_3,1339,58.25166320800781,40.24806505325528,30.57836863745911,0.010658634867358921,0,11.252585089610221,70.0345002300078,0
tinyfold_f_medium_esm_n2_k10,clean_ge1000,4oir.pdb1_3,1339,60.79960632324219,37.83920531756072,31.52499982061445,0.007457069438585543,0,12.854457749043135,89.50873631468596,1
tinyfold_f_medium_esm_n2_k10,clean_ge1000,4oir.pdb1_3,1339,58.67683029174805,41.33838991099115,39.47202522442406,0.011604435773144364,0,10.96781074336413,65.72069852609381,2
tinyfold_f_medium_esm_n2_k10,clean_ge1000,4oir.pdb1_3,1339,55.841060638427734,40.742813128226416,41.72271638830886,0.004709295534982604,0,18.150884772203863,98.8165852021472,3
tinyfold_f_medium_esm_n2_k10,clean_ge1000,4oir.pdb1_3,1339,58.94567108154297,41.19723157450826,35.93290557880993,0.006829144866829107,0,14.385550596842267,85.74269821598122,4
tinyfold_f_medium_esm_n2_k10,clean_ge1000,4oir.pdb1_3,1339,60.377105712890625,39.10127177286935,30.93690844041183,0.009191234956191981,0,12.219348545337674,74.86026205313536,5
tinyfold_f_medium_esm_n2_k10,clean_ge1000,4oir.pdb1_3,1339,55.92995071411133,37.218388107228996,36.43434500431538,0.004566751586418731,0,22.727556264962654,87.4304508444102,6
tinyfold_f_medium_esm_n2_k10,clean_ge1000,4oir.pdb1_3,1339,54.211612701416016,39.68356885993757,36.752782326215254,0.0042456464532223915,0,23.49254168891179,90.8552897733024,7
tinyfold_f_medium_esm_n2_k10,clean_ge1000,4oir.pdb1_3,1339,63.36053466796875,38.409829577785565,30.676354515264617,0.005694194773382656,0,15.19338219398459,98.24636100005029,8
tinyfold_f_medium_esm_n2_k10,clean_ge1000,4oir.pdb1_3,1339,55.178157806396484,38.29885646530099,39.13085867073239,0.003438977770664604,0,22.003461872168568,112.35184505385038,9
tinyfold_f_medium_esm_n2_k10,clean_ge1000,4p74.pdb1_2,1035,69.4881362915039,40.13441812642094,43.26080324756052,0.006698134474153812,0,31.08438089701621,63.1927022918851,0
tinyfold_f_medium_esm_n2_k10,clean_ge1000,4p74.pdb1_2,1035,64.37544250488281,42.376098452443465,39.26911678631392,0.005266780822300607,0,28.32020206414165,74.05562671295382,1
tinyfold_f_medium_esm_n2_k10,clean_ge1000,4p74.pdb1_2,1035,66.5137710571289,40.25267120017576,33.04500292225882,0.006783697516099925,0,27.302593689964556,63.98426775571989,2
tinyfold_f_medium_esm_n2_k10,clean_ge1000,4p74.pdb1_2,1035,64.11327362060547,37.70525033562776,37.83912942963606,0.029580707377855477,0,27.300705000313656,27.757674999688277,3
tinyfold_f_medium_esm_n2_k10,clean_ge1000,4p74.pdb1_2,1035,59.48879623413086,44.92607734229792,39.348603868852805,0.004765600964963431,0,23.89124665367353,83.03434964552518,4
tinyfold_f_medium_esm_n2_k10,clean_ge1000,4p74.pdb1_2,1035,71.28668212890625,38.020993844820275,39.816428171804915,0.005389644825697455,0,28.501512376428565,72.9164450133243,5
tinyfold_f_medium_esm_n2_k10,clean_ge1000,4p74.pdb1_2,1035,68.3824462890625,37.70911118488756,37.21615180515159,0.010260213820306877,0,26.30590361601425,50.509720624464705,6
tinyfold_f_medium_esm_n2_k10,clean_ge1000,4p74.pdb1_2,1035,61.52251052856445,42.95842910375208,35.843621537164914,0.006165535703209052,0,26.081072151797443,68.41864775149712,7
tinyfold_f_medium_esm_n2_k10,clean_ge1000,4p74.pdb1_2,1035,70.7035903930664,40.11172551499176,37.20396341457075,0.004310594844313736,0,29.195539182492357,83.32436668374955,8
tinyfold_f_medium_esm_n2_k10,clean_ge1000,4p74.pdb1_2,1035,53.51693344116211,40.43240607239944,41.38454515746102,0.006041042943055572,0,27.126010989260205,68.7063882258632,9
tinyfold_f_medium_esm_n2_k10,clean_ge1000,4p75.pdb1_3,1026,64.76869201660156,35.291892709403065,36.71641812870083,0.03239321198038466,0,27.47413079308553,26.356642232284415,0
tinyfold_f_medium_esm_n2_k10,clean_ge1000,4p75.pdb1_3,1026,52.81895065307617,39.41116748677608,29.615839217525025,0.009868595812901596,0,22.562211689907187,52.86032676414044,1
tinyfold_f_medium_esm_n2_k10,clean_ge1000,4p75.pdb1_3,1026,55.87682342529297,40.630277115765715,43.34817444276594,0.004484958309478797,0,31.107670002264694,80.10130968860489,2
tinyfold_f_medium_esm_n2_k10,clean_ge1000,4p75.pdb1_3,1026,62.90705871582031,38.91077665504838,41.38786481692021,0.003566898379453478,0,30.615687359587405,92.87786875240711,3
tinyfold_f_medium_esm_n2_k10,clean_ge1000,4p75.pdb1_3,1026,56.55613708496094,40.97112579425064,38.80159750655791,0.0067159159709368485,0,24.419910817982554,65.85006517670728,4
tinyfold_f_medium_esm_n2_k10,clean_ge1000,4p75.pdb1_3,1026,58.82854080200195,37.520946102123844,39.85443796213669,0.005754108193480034,0,27.9441205389068,70.34821539722573,5
tinyfold_f_medium_esm_n2_k10,clean_ge1000,4p75.pdb1_3,1026,65.2838134765625,38.98056709984778,35.658695810390796,0.00445761708429682,0,26.659699528763003,83.66128716882547,6
tinyfold_f_medium_esm_n2_k10,clean_ge1000,4p75.pdb1_3,1026,56.432796478271484,38.94488511376731,36.900090732165836,0.005516524496660545,0,26.779822833039052,72.87455658417707,7
tinyfold_f_medium_esm_n2_k10,clean_ge1000,4p75.pdb1_3,1026,52.712825775146484,40.52653705253682,39.614149325854356,0.005800967577995171,0,27.295321087538284,70.34130769198956,8
tinyfold_f_medium_esm_n2_k10,clean_ge1000,4p75.pdb1_3,1026,61.641719818115234,38.22587277953678,36.2710494224682,0.007727934011629287,0,26.66202977635615,59.456596787873295,9
tinyfold_f_medium_esm_n2_k10,clean_ge1000,4p75.pdb1_4,1034,56.2896614074707,38.36891525645972,34.295084878674395,0.01139025907458676,0,29.09313101044198,47.116652146189466,0
tinyfold_f_medium_esm_n2_k10,clean_ge1000,4p75.pdb1_4,1034,52.74867248535156,37.616456614184976,28.756866911222044,0.03126509076195499,0,26.625198877713153,26.92462042787577,1
tinyfold_f_medium_esm_n2_k10,clean_ge1000,4p75.pdb1_4,1034,54.410160064697266,35.387216755597336,30.537597144708187,0.024813598096022713,0,25.472713847415527,30.750097234614913,2
tinyfold_f_medium_esm_n2_k10,clean_ge1000,4p75.pdb1_4,1034,60.694313049316406,36.49373435289126,32.95552873880526,0.012996290203063763,0,30.38191507935089,43.63601590431988,3
tinyfold_f_medium_esm_n2_k10,clean_ge1000,4p75.pdb1_4,1034,52.54805374145508,40.50649142847277,35.86480051390755,0.01490171728886553,0,28.97392465968643,40.579229320400536,4
tinyfold_f_medium_esm_n2_k10,clean_ge1000,4p75.pdb1_4,1034,57.37055587768555,37.00297919665646,36.57453777490092,0.010830361108856998,0,33.99486021199871,47.8841013366162,5
tinyfold_f_medium_esm_n2_k10,clean_ge1000,4p75.pdb1_4,1034,55.053829193115234,37.069052177678316,32.532496131568784,0.012796403937788983,0,29.56165505604816,44.09893168894193,6
tinyfold_f_medium_esm_n2_k10,clean_ge1000,4p75.pdb1_4,1034,49.30134201049805,35.76388339015731,28.851886297668106,0.02635431165397367,0,27.317233836309132,29.625957165346794,7
tinyfold_f_medium_esm_n2_k10,clean_ge1000,4p75.pdb1_4,1034,49.1495361328125,38.72128937552881,36.30179487432904,0.01779067646194843,0,26.501079587984783,36.98119408457198,8
tinyfold_f_medium_esm_n2_k10,clean_ge1000,4p75.pdb1_4,1034,53.095542907714844,38.401555212458405,33.95254679920272,0.013437761942230475,0,31.64002145629218,42.72623345145883,9
tinyfold_f_medium_esm_n2_k10,clean_ge1000,4pj1.pdb1_20,1052,55.66271209716797,32.34091007653735,26.02379086111836,0.005866602526016858,0,21.573422332890853,74.6812726097525,0
tinyfold_f_medium_esm_n2_k10,clean_ge1000,4pj1.pdb1_20,1052,62.886207580566406,37.466761435084436,23.86849540484673,0.003393196518411587,0,22.875468709622016,110.35005924373152,1
tinyfold_f_medium_esm_n2_k10,clean_ge1000,4pj1.pdb1_20,1052,71.6010513305664,29.180781771298527,20.546361865615182,0.02581471608151581,0,17.905623132154435,30.869615290284266,2
tinyfold_f_medium_esm_n2_k10,clean_ge1000,4pj1.pdb1_20,1052,48.63834762573242,33.151502043466245,22.424865822961564,0.005387100648063375,0,19.76410765809191,82.7773179265786,3
tinyfold_f_medium_esm_n2_k10,clean_ge1000,4pj1.pdb1_20,1052,56.750728607177734,36.03738759476911,26.831360355155304,0.0034108521308853124,0,25.837532473320586,102.17219009217693,4
tinyfold_f_medium_esm_n2_k10,clean_ge1000,4pj1.pdb1_20,1052,49.62146759033203,33.0317893417074,23.250019322551832,0.007051550948162589,0,23.506926933125172,64.44426346934584,5
tinyfold_f_medium_esm_n2_k10,clean_ge1000,4pj1.pdb1_20,1052,55.5225830078125,36.26819669232144,29.611233027942724,0.004463653216193741,0,23.3880273989458,87.7564540269491,6
tinyfold_f_medium_esm_n2_k10,clean_ge1000,4pj1.pdb1_20,1052,69.29442596435547,35.13833285060684,32.319305712361746,0.0027831644863414487,0,28.13806202964636,114.13422695282854,7
tinyfold_f_medium_esm_n2_k10,clean_ge1000,4pj1.pdb1_20,1052,65.80719757080078,34.34366012323959,19.367900344775578,0.011707932320220929,0,14.546403069553131,53.52072141888335,8
tinyfold_f_medium_esm_n2_k10,clean_ge1000,4pj1.pdb1_20,1052,67.48787689208984,39.23090913879565,33.829977312271936,0.0074960123956677545,0,21.020958784991883,63.83427549443355,9
tinyfold_f_medium_esm_n2_k10,clean_ge1000,4pj1.pdb1_31,1052,57.132896423339844,32.09711292258444,14.261478816125955,0.006596493582215572,0,18.49941831693375,73.3303766263968,0
tinyfold_f_medium_esm_n2_k10,clean_ge1000,4pj1.pdb1_31,1052,58.33481216430664,47.826863729399676,21.192474571818313,0.006383899662038263,0,17.295323396462443,78.1688135698883,1
tinyfold_f_medium_esm_n2_k10,clean_ge1000,4pj1.pdb1_31,1052,59.025901794433594,37.108471142169186,35.633038105599304,0.0034297448728424357,0,29.169650466938773,96.7982886513832,2
tinyfold_f_medium_esm_n2_k10,clean_ge1000,4pj1.pdb1_31,1052,57.38593673706055,34.437972015934385,34.65734943749574,0.010876493821860398,0,25.6756692266117,48.98661895599189,3
tinyfold_f_medium_esm_n2_k10,clean_ge1000,4pj1.pdb1_31,1052,70.44622039794922,37.33782018365212,23.556020059110526,0.005413971090688506,0,16.985937686113253,91.78157739516404,4
tinyfold_f_medium_esm_n2_k10,clean_ge1000,4pj1.pdb1_31,1052,60.76797103881836,33.580577972994114,16.44168690588279,0.007371568270406611,0,17.72105318290813,68.87766577204343,5
tinyfold_f_medium_esm_n2_k10,clean_ge1000,4pj1.pdb1_31,1052,63.227386474609375,36.822325821794,27.015172457637952,0.0035961902350539186,0,22.87923507322869,105.0160939594227,6
tinyfold_f_medium_esm_n2_k10,clean_ge1000,4pj1.pdb1_31,1052,64.65161895751953,37.36711580746869,27.208216435943733,0.004798183155926104,0,22.885962184802253,84.07798783427477,7
tinyfold_f_medium_esm_n2_k10,clean_ge1000,4pj1.pdb1_31,1052,68.88225555419922,40.5531533723197,30.061518805034368,0.006017901656724845,0,23.232751498423514,71.58672102021335,8
tinyfold_f_medium_esm_n2_k10,clean_ge1000,4pj1.pdb1_31,1052,64.19709014892578,35.80646943212834,30.397044222987095,0.003582431357280294,0,22.35449860257295,107.05184210822465,9
tinyfold_f_medium_esm_n2_k10,clean_ge1000,4pj1.pdb1_53,1052,46.35096740722656,30.613215592170963,29.973144412326914,0.007105182152295547,0,28.098784963983867,61.9570422403693,0
tinyfold_f_medium_esm_n2_k10,clean_ge1000,4pj1.pdb1_53,1052,48.26314163208008,32.093960753137864,32.94848188196865,0.013079838115910554,0,27.07209151112571,43.8722006706127,1
tinyfold_f_medium_esm_n2_k10,clean_ge1000,4pj1.pdb1_53,1052,52.223548889160156,28.340164299566343,31.183502497617493,0.013783088428364098,0,27.241833596551572,42.57775786242454,2
tinyfold_f_medium_esm_n2_k10,clean_ge1000,4pj1.pdb1_53,1052,49.630985260009766,31.51775797322709,33.59495948129745,0.00542048744642219,0,27.930210672290485,72.97521494044133,3
tinyfold_f_medium_esm_n2_k10,clean_ge1000,4pj1.pdb1_53,1052,50.988033294677734,31.504565738681194,28.154519559628216,0.006727179168168101,0,24.930220170655392,65.47425629879447,4
tinyfold_f_medium_esm_n2_k10,clean_ge1000,4pj1.pdb1_53,1052,45.99142074584961,29.633467414948253,33.17621018173238,0.007704460136829266,0,28.862069575867316,58.87283443580497,5
tinyfold_f_medium_esm_n2_k10,clean_ge1000,4pj1.pdb1_53,1052,48.98550033569336,31.029305271670946,30.549840613294112,0.006545235714865818,0,29.48922020766033,64.52934955058863,6
tinyfold_f_medium_esm_n2_k10,clean_ge1000,4pj1.pdb1_53,1052,48.58047103881836,34.31668220579475,29.969712928263633,0.008269790742354245,0,26.578119974841314,57.16076831127589,7
tinyfold_f_medium_esm_n2_k10,clean_ge1000,4pj1.pdb1_53,1052,47.35476303100586,29.154969763579416,28.749533179223928,0.005230825990143433,0,26.22118823234707,75.76271320364118,8
tinyfold_f_medium_esm_n2_k10,clean_ge1000,4pj1.pdb1_53,1052,45.634273529052734,33.66759280786746,34.22462896439882,0.00521835653269579,0,28.584092912790826,74.3283034502842,9
tinyfold_f_medium_esm_n2_k10,clean_ge1000,4pj1.pdb1_55,1052,51.71146011352539,33.17038394750914,33.45046998571245,0.005296730367621026,0,29.076962440380818,73.39170797460471,0
tinyfold_f_medium_esm_n2_k10,clean_ge1000,4pj1.pdb1_55,1052,39.008567810058594,32.043384977546005,33.2992391675238,0.006115734200816503,0,27.75886420452872,67.88555742456643,1
tinyfold_f_medium_esm_n2_k10,clean_ge1000,4pj1.pdb1_55,1052,46.94906234741211,28.817931717994405,32.767547118660254,0.004269565634025858,0,28.05884991616749,84.74973186303018,2
tinyfold_f_medium_esm_n2_k10,clean_ge1000,4pj1.pdb1_55,1052,56.0223274230957,27.2567083072791,31.96543474118692,0.00652935267662549,0,27.648794592012585,65.31612969065267,3
tinyfold_f_medium_esm_n2_k10,clean_ge1000,4pj1.pdb1_55,1052,55.91691589355469,29.704313282120644,34.71801899948498,0.004807904541687527,0,29.347227356153915,77.72560819906428,4
tinyfold_f_medium_esm_n2_k10,clean_ge1000,4pj1.pdb1_55,1052,45.06547164916992,30.910760557286675,30.38209701389525,0.005244805633112242,0,27.542648500335684,74.715184008894,5
tinyfold_f_medium_esm_n2_k10,clean_ge1000,4pj1.pdb1_55,1052,46.572818756103516,32.68052069841076,28.909129566067733,0.00773961906784643,0,25.472848739466237,59.86255000466348,6
tinyfold_f_medium_esm_n2_k10,clean_ge1000,4pj1.pdb1_55,1052,51.477176666259766,29.50891980724695,29.057451664302203,0.005421953454306142,0,26.385823189217934,73.93568009340636,7
tinyfold_f_medium_esm_n2_k10,clean_ge1000,4pj1.pdb1_55,1052,47.580257415771484,29.895162136259753,36.27973551694474,0.004132473995513209,0,30.38157969563167,84.72059100876554,8
tinyfold_f_medium_esm_n2_k10,clean_ge1000,4pj1.pdb1_55,1052,44.01077651977539,33.71331384659306,31.966890004430013,0.010979944719963436,0,27.671503430357255,48.32474165366574,9
tinyfold_f_medium_esm_n2_k10,clean_ge1000,4pj1.pdb1_7,1052,49.02540588378906,32.30927408408359,29.278140774947385,0.006686606511187257,0,26.372682434385357,64.95644380086361,0
tinyfold_f_medium_esm_n2_k10,clean_ge1000,4pj1.pdb1_7,1052,48.052345275878906,31.053030879924037,36.901393109525905,0.006406288422290614,0,27.87670071128547,65.96675136856197,1
tinyfold_f_medium_esm_n2_k10,clean_ge1000,4pj1.pdb1_7,1052,50.1145133972168,35.0559980199105,31.59057893683508,0.006043569569204173,0,27.221398402862697,68.63974892066284,2
tinyfold_f_medium_esm_n2_k10,clean_ge1000,4pj1.pdb1_7,1052,49.734832763671875,31.90251727810359,30.93372583951464,0.005945720207201824,0,27.01618245462493,69.43658749781166,3
tinyfold_f_medium_esm_n2_k10,clean_ge1000,4pj1.pdb1_7,1052,49.87952423095703,28.78400134401442,31.2607400767782,0.009530713126081935,0,26.179163054269893,52.73745244329807,4
tinyfold_f_medium_esm_n2_k10,clean_ge1000,4pj1.pdb1_7,1052,47.98910140991211,31.117025977318384,33.44952205638741,0.006931165128423695,0,28.118431557004236,62.861117400174166,5
tinyfold_f_medium_esm_n2_k10,clean_ge1000,4pj1.pdb1_7,1052,44.87519454956055,29.952782896206866,36.972002148180366,0.005507901983523716,0,29.851047142905227,71.32041747402494,6
tinyfold_f_medium_esm_n2_k10,clean_ge1000,4pj1.pdb1_7,1052,52.64677047729492,30.930651324193718,33.539683057813974,0.005163107075247996,0,28.31910289369026,74.96998369563111,7
tinyfold_f_medium_esm_n2_k10,clean_ge1000,4pj1.pdb1_7,1052,45.51799392700195,31.77237803743056,31.979624937429897,0.004571318785386571,0,27.631882424823786,81.44093206658754,8
tinyfold_f_medium_esm_n2_k10,clean_ge1000,4pj1.pdb1_7,1052,47.550804138183594,31.462419267922776,32.634950222848786,0.005628669694646622,0,29.371286891993176,70.60904659732405,9
